,Club_Name,Event,Role,Name,ID
0,club_3,club_3_event_2,Participant,Darien Martens,17XJ1A0220
1,club_2,club_2_event_1,Participant,Sage Schrock,17XJ1A0165
2,club_3,club_3_event_1,Participant,Sage Schrock,17XJ1A0165
3,club_1,club_1_event_1,Participant,Sage Schrock,17XJ1A0165
4,club_3,club_3_event_3,Participant,Sage Schrock,17XJ1A0165
5,club_2,club_2_event_2,Participant,Sage Schrock,17XJ1A0165
6,club_1,club_1_event_3,Participant,Sage Schrock,17XJ1A0165
7,club_1,club_1_event_2,Participant,Sage Schrock,17XJ1A0165
8,club_3,club_3_event_2,Participant,Alison Mcvey,17XJ1A0255
9,club_2,club_2_event_1,Participant,Alison Mcvey,17XJ1A0255
10,club_2,club_2_event_3,Participant,Alison Mcvey,17XJ1A0255
11,club_1,club_1_event_2,Participant,Alison Mcvey,17XJ1A0255
12,club_1,club_1_event_1,Participant,Kiara Jauregui,17XJ1A0243
13,club_3,club_3_event_2,Participant,Kiara Jauregui,17XJ1A0243
14,club_2,club_2_event_1,Participant,Kiara Jauregui,17XJ1A0243
15,club_3,club_3_event_3,Participant,Kiara Jauregui,17XJ1A0243
16,club_2,club_2_event_3,Participant,Kiara Jauregui,17XJ1A0243
17,club_1,club_1_event_2,Participant,Kiara Jauregui,17XJ1A0243
18,club_2,club_2_event_3,Participant,Tate Blum,18XJ1A0184
19,club_2,club_2_event_2,Participant,Louis Samuels,17XJ1A0142
20,club_1,club_1_event_3,Participant,Louis Samuels,17XJ1A0142
21,club_1,club_1_event_2,Participant,Louis Samuels,17XJ1A0142
22,club_2,club_2_event_1,Participant,Louis Samuels,17XJ1A0142
23,club_3,club_3_event_3,Participant,Louis Samuels,17XJ1A0142
24,club_3,club_3_event_1,Participant,Louis Samuels,17XJ1A0142
25,club_2,club_2_event_3,Participant,Marcello Weber,18XJ1A0211
26,club_2,club_2_event_1,Participant,Marcello Weber,18XJ1A0211
27,club_1,club_1_event_2,Participant,Marcello Weber,18XJ1A0211
28,club_3,club_3_event_2,Participant,Marcello Weber,18XJ1A0211
29,club_3,club_3_event_1,Participant,Marcello Weber,18XJ1A0211
30,club_2,club_2_event_2,Participant,Marcello Weber,18XJ1A0211
31,club_2,club_2_event_2,Participant,Janine McCormack,17XJ1A0134
32,club_2,club_2_event_1,Participant,Janine McCormack,17XJ1A0134
33,club_1,club_1_event_1,Participant,Janine McCormack,17XJ1A0134
34,club_3,club_3_event_1,Participant,Janine McCormack,17XJ1A0134
35,club_3,club_3_event_2,Participant,Janine McCormack,17XJ1A0134
36,club_3,club_3_event_2,Participant,Quinton Taylor,18XJ1A0197
37,club_3,club_3_event_1,Participant,Quinton Taylor,18XJ1A0197
38,club_2,club_2_event_2,Participant,Quinton Taylor,18XJ1A0197
39,club_1,club_1_event_1,Participant,Quinton Taylor,18XJ1A0197
40,club_3,club_3_event_1,Participant,Everardo Cronin,17XJ1A0217
41,club_2,club_2_event_2,Participant,Everardo Cronin,17XJ1A0217
42,club_3,club_3_event_2,Participant,Everardo Cronin,17XJ1A0217
43,club_3,club_3_event_1,Participant,Warren Schofield,17XJ1A0293
44,club_1,club_1_event_1,Participant,Warren Schofield,17XJ1A0293
45,club_3,club_3_event_2,Participant,Warren Schofield,17XJ1A0293
46,club_1,club_1_event_2,Participant,Ezra Lord,18XJ1A0268
47,club_2,club_2_event_3,Participant,Ezra Lord,18XJ1A0268
48,club_3,club_3_event_3,Participant,Ezra Lord,18XJ1A0268
49,club_2,club_2_event_2,Participant,Aya Kennedy,18XJ1A0107
50,club_3,club_3_event_2,Participant,Aya Kennedy,18XJ1A0107
51,club_1,club_1_event_2,Participant,Alannah Chisholm,17XJ1A0275
52,club_2,club_2_event_3,Participant,Alannah Chisholm,17XJ1A0275
53,club_3,club_3_event_1,Participant,Alannah Chisholm,17XJ1A0275
54,club_1,club_1_event_3,Participant,Alannah Chisholm,17XJ1A0275
55,club_1,club_1_event_1,Participant,Alannah Chisholm,17XJ1A0275
56,club_2,club_2_event_1,Participant,Alannah Chisholm,17XJ1A0275
57,club_3,club_3_event_2,Participant,Alannah Chisholm,17XJ1A0275
58,club_3,club_3_event_1,Participant,Katelynn Harlow,18XJ1A0145
59,club_2,club_2_event_2,Participant,Katelynn Harlow,18XJ1A0145
60,club_2,club_2_event_3,Participant,Katelynn Harlow,18XJ1A0145
61,club_1,club_1_event_3,Participant,Katelynn Harlow,18XJ1A0145
62,club_1,club_1_event_2,Participant,Katelynn Harlow,18XJ1A0145
63,club_2,club_2_event_1,Participant,Katelynn Harlow,18XJ1A0145
64,club_3,club_3_event_2,Participant,Katelynn Harlow,18XJ1A0145
65,club_1,club_1_event_1,Participant,Katelynn Harlow,18XJ1A0145
66,club_1,club_1_event_1,Participant,Grayson Heim,17XJ1A0193
67,club_1,club_1_event_2,Participant,Grayson Heim,17XJ1A0193
68,club_2,club_2_event_2,Participant,Grayson Heim,17XJ1A0193
69,club_2,club_2_event_1,Participant,Grayson Heim,17XJ1A0193
70,club_3,club_3_event_2,Participant,Kinley Stallings,18XJ1A0120
71,club_1,club_1_event_3,organiser_4,Kinley Stallings,18XJ1A0120
72,club_2,club_2_event_1,Participant,Kinley Stallings,18XJ1A0120
73,club_2,club_2_event_1,Participant,Clyde Lindsay,17XJ1A0318
74,club_2,club_2_event_2,Participant,Clyde Lindsay,17XJ1A0318
75,club_1,club_1_event_2,Participant,Clyde Lindsay,17XJ1A0318
76,club_3,club_3_event_1,Participant,Clyde Lindsay,17XJ1A0318
77,club_2,club_2_event_2,Participant,Judith Howland,18XJ1A0258
78,club_3,club_3_event_1,Participant,Judith Howland,18XJ1A0258
79,club_1,club_1_event_3,Participant,Judith Howland,18XJ1A0258
80,club_1,club_1_event_1,Participant,Judith Howland,18XJ1A0258
81,club_3,club_3_event_2,Participant,Judith Howland,18XJ1A0258
82,club_2,club_2_event_3,Participant,Judith Howland,18XJ1A0258
83,club_2,club_2_event_1,Participant,Milo Greenfield,17XJ1A0215
84,club_3,club_3_event_2,Participant,Milo Greenfield,17XJ1A0215
85,club_3,club_3_event_1,Participant,Milo Greenfield,17XJ1A0215
86,club_1,club_1_event_2,Participant,Milo Greenfield,17XJ1A0215
87,club_3,club_3_event_2,Participant,Susana Healey,18XJ1A0126
88,club_1,club_1_event_1,Participant,Susana Healey,18XJ1A0126
89,club_1,club_1_event_1,Participant,Haylie Garay,18XJ1A0326
90,club_3,club_3_event_1,Participant,Sana Fairbanks,18XJ1A0156
91,club_2,club_2_event_2,Participant,Sana Fairbanks,18XJ1A0156
92,club_3,club_3_event_2,Participant,Sana Fairbanks,18XJ1A0156
93,club_1,club_1_event_1,Participant,Evelin Bradley,18XJ1A0188
94,club_2,club_2_event_1,organiser_1,Evelin Bradley,18XJ1A0188
95,club_2,club_2_event_2,Participant,Evelin Bradley,18XJ1A0188
96,club_3,club_3_event_1,Participant,Evelin Bradley,18XJ1A0188
97,club_2,club_2_event_3,organiser_1,Evelin Bradley,18XJ1A0188
98,club_2,club_2_event_1,Participant,Evelin Bradley,18XJ1A0188
99,club_1,club_1_event_2,Participant,Evelin Bradley,18XJ1A0188
100,club_2,club_2_event_2,organiser_1,Evelin Bradley,18XJ1A0188
101,club_3,club_3_event_2,Participant,Denise Minor,18XJ1A0340
102,club_2,club_2_event_2,Participant,Denise Minor,18XJ1A0340
103,club_3,club_3_event_1,Participant,Denise Minor,18XJ1A0340
104,club_2,club_2_event_3,Participant,Santiago Nadeau,17XJ1A0257
105,club_3,club_3_event_2,Participant,Santiago Nadeau,17XJ1A0257
106,club_1,club_1_event_1,Participant,Santiago Nadeau,17XJ1A0257
107,club_3,club_3_event_1,Participant,Santiago Nadeau,17XJ1A0257
108,club_1,club_1_event_2,Participant,Santiago Nadeau,17XJ1A0257
109,club_3,club_3_event_3,Participant,Santiago Nadeau,17XJ1A0257
110,club_2,club_2_event_1,Participant,Santiago Nadeau,17XJ1A0257
111,club_1,club_1_event_3,Participant,Santiago Nadeau,17XJ1A0257
112,club_2,club_2_event_2,Participant,Santiago Nadeau,17XJ1A0257
113,club_2,club_2_event_2,Participant,Grady Sample,17XJ1A0171
114,club_1,club_1_event_2,Participant,Grady Sample,17XJ1A0171
115,club_2,club_2_event_1,Participant,Grady Sample,17XJ1A0171
116,club_3,club_3_event_3,Participant,Grady Sample,17XJ1A0171
117,club_1,club_1_event_1,Participant,Grady Sample,17XJ1A0171
118,club_1,club_1_event_3,Participant,Grady Sample,17XJ1A0171
119,club_3,club_3_event_1,Participant,Grady Sample,17XJ1A0171
120,club_1,club_1_event_1,Participant,Chelsey Dean,17XJ1A0205
121,club_3,club_3_event_1,Participant,Chelsey Dean,17XJ1A0205
122,club_2,club_2_event_2,Participant,Chelsey Dean,17XJ1A0205
123,club_3,club_3_event_2,Participant,Chelsey Dean,17XJ1A0205
124,club_2,club_2_event_3,Participant,Chelsey Dean,17XJ1A0205
125,club_3,club_3_event_3,Participant,Chelsey Dean,17XJ1A0205
126,club_1,club_1_event_3,Participant,Chelsey Dean,17XJ1A0205
127,club_2,club_2_event_2,Participant,Darrius Albers,17XJ1A0179
128,club_3,club_3_event_2,Participant,Darrius Albers,17XJ1A0179
129,club_3,club_3_event_1,Participant,Darrius Albers,17XJ1A0179
130,club_2,club_2_event_2,Participant,Annabelle Malloy,17XJ1A0125
131,club_3,club_3_event_1,Participant,Annabelle Malloy,17XJ1A0125
132,club_3,club_3_event_1,Participant,Natalya Garvin,18XJ1A0163
133,club_2,club_2_event_1,Participant,Natalya Garvin,18XJ1A0163
134,club_3,club_3_event_3,Participant,Natalya Garvin,18XJ1A0163
135,club_1,club_1_event_3,Participant,Natalya Garvin,18XJ1A0163
136,club_1,club_1_event_2,Participant,Natalya Garvin,18XJ1A0163
137,club_2,club_2_event_3,Participant,Natalya Garvin,18XJ1A0163
138,club_1,club_1_event_1,Participant,Natalya Garvin,18XJ1A0163
139,club_3,club_3_event_2,Participant,Alize Dodd,18XJ1A0345
140,club_3,club_3_event_1,Participant,Alize Dodd,18XJ1A0345
141,club_2,club_2_event_1,Participant,Alize Dodd,18XJ1A0345
142,club_1,club_1_event_2,Participant,Brennen Ellison,17XJ1A0209
143,club_3,club_3_event_2,Participant,Brennen Ellison,17XJ1A0209
144,club_1,club_1_event_1,Participant,Brennen Ellison,17XJ1A0209
145,club_2,club_2_event_1,Participant,Brennen Ellison,17XJ1A0209
146,club_2,club_2_event_2,Participant,Brennen Ellison,17XJ1A0209
147,club_2,club_2_event_1,Participant,Brennen Ellison,17XJ1A0209
148,club_3,club_3_event_1,Participant,Brennen Ellison,17XJ1A0209
149,club_1,club_1_event_1,Participant,Deangelo Neuman,18XJ1A0284
150,club_2,club_2_event_3,Participant,Deangelo Neuman,18XJ1A0284
151,club_1,club_1_event_3,Participant,Deangelo Neuman,18XJ1A0284
152,club_3,club_3_event_2,Participant,Deangelo Neuman,18XJ1A0284
153,club_2,club_2_event_2,Participant,Deangelo Neuman,18XJ1A0284
154,club_1,club_1_event_2,Participant,Deangelo Neuman,18XJ1A0284
155,club_3,club_3_event_1,Participant,Deangelo Neuman,18XJ1A0284
156,club_2,club_2_event_1,Participant,Deangelo Neuman,18XJ1A0284
157,club_2,club_2_event_1,Participant,Lucia Cody,17XJ1A0202
158,club_2,club_2_event_2,Participant,Lucia Cody,17XJ1A0202
159,club_2,club_2_event_2,Participant,Lucia Cody,17XJ1A0202
160,club_1,club_1_event_1,Participant,Marco Rand,18XJ1A0180
161,club_2,club_2_event_3,Participant,Marco Rand,18XJ1A0180
162,club_2,club_2_event_1,Participant,Marco Rand,18XJ1A0180
163,club_3,club_3_event_3,Participant,Marco Rand,18XJ1A0180
164,club_3,club_3_event_2,Participant,Marco Rand,18XJ1A0180
165,club_1,club_1_event_2,Participant,Marco Rand,18XJ1A0180
166,club_2,club_2_event_2,Participant,Lexis Whitley,17XJ1A0176
167,club_2,club_2_event_1,Participant,Lexis Whitley,17XJ1A0176
168,club_3,club_3_event_3,Participant,Lexis Whitley,17XJ1A0176
169,club_1,club_1_event_3,Participant,Lexis Whitley,17XJ1A0176
170,club_1,club_1_event_2,Participant,Lexis Whitley,17XJ1A0176
171,club_1,club_1_event_1,Participant,Lexis Whitley,17XJ1A0176
172,club_3,club_3_event_2,Participant,Kala Greenfield,18XJ1A0282
173,club_2,club_2_event_1,Participant,Kala Greenfield,18XJ1A0282
174,club_1,club_1_event_3,Participant,Raymundo Zapata,17XJ1A0322
175,club_3,club_3_event_2,Participant,Raymundo Zapata,17XJ1A0322
176,club_3,club_3_event_1,Participant,Raymundo Zapata,17XJ1A0322
177,club_2,club_2_event_3,Participant,Raymundo Zapata,17XJ1A0322
178,club_2,club_2_event_2,Participant,Raymundo Zapata,17XJ1A0322
179,club_1,club_1_event_1,Participant,Galilea Villasenor,17XJ1A0109
180,club_2,club_2_event_2,Participant,Galilea Villasenor,17XJ1A0109
181,club_3,club_3_event_2,Participant,Galilea Villasenor,17XJ1A0109
182,club_3,club_3_event_1,Participant,Galilea Villasenor,17XJ1A0109
183,club_1,club_1_event_3,Participant,Gustavo Mull,17XJ1A0118
184,club_3,club_3_event_2,Participant,Gustavo Mull,17XJ1A0118
185,club_2,club_2_event_2,Participant,Gustavo Mull,17XJ1A0118
186,club_2,club_2_event_1,Participant,Gustavo Mull,17XJ1A0118
187,club_3,club_3_event_3,Participant,Gustavo Mull,17XJ1A0118
188,club_1,club_1_event_1,Participant,Gustavo Mull,17XJ1A0118
189,club_2,club_2_event_3,Participant,Gustavo Mull,17XJ1A0118
190,club_3,club_3_event_1,Participant,Gustavo Mull,17XJ1A0118
191,club_3,club_3_event_2,Participant,Aylin Seals,17XJ1A0149
192,club_2,club_2_event_2,Participant,Aylin Seals,17XJ1A0149
193,club_1,club_1_event_2,organiser_4,Aylin Seals,17XJ1A0149
194,club_3,club_3_event_1,Participant,Aylin Seals,17XJ1A0149
195,club_1,club_1_event_1,Participant,Aylin Seals,17XJ1A0149
196,club_1,club_1_event_3,Participant,Jared Gulley,18XJ1A0279
197,club_2,club_2_event_2,Participant,Jared Gulley,18XJ1A0279
198,club_3,club_3_event_1,Participant,Jared Gulley,18XJ1A0279
199,club_3,club_3_event_1,Participant,Rudy Bradley,17XJ1A0224
200,club_2,club_2_event_3,Participant,Rudy Bradley,17XJ1A0224
201,club_1,club_1_event_1,Participant,Rudy Bradley,17XJ1A0224
202,club_3,club_3_event_2,Participant,Rudy Bradley,17XJ1A0224
203,club_1,club_1_event_3,Participant,Rudy Bradley,17XJ1A0224
204,club_2,club_2_event_2,Participant,Rudy Bradley,17XJ1A0224
205,club_2,club_2_event_1,Participant,Cathryn Duarte,17XJ1A0340
206,club_1,club_1_event_2,Participant,Cathryn Duarte,17XJ1A0340
207,club_3,club_3_event_2,Participant,Cathryn Duarte,17XJ1A0340
208,club_3,club_3_event_2,Participant,Litzy Moyer,18XJ1A0162
209,club_1,club_1_event_1,Participant,Litzy Moyer,18XJ1A0162
210,club_2,club_2_event_2,Participant,Litzy Moyer,18XJ1A0162
211,club_3,club_3_event_3,Participant,Litzy Moyer,18XJ1A0162
212,club_1,club_1_event_2,Participant,Litzy Moyer,18XJ1A0162
213,club_2,club_2_event_3,Participant,Litzy Moyer,18XJ1A0162
214,club_3,club_3_event_1,Participant,Litzy Moyer,18XJ1A0162
215,club_3,club_3_event_2,Participant,Mallorie Saenz,17XJ1A0319
216,club_3,club_3_event_1,Participant,Mallorie Saenz,17XJ1A0319
217,club_2,club_2_event_2,Participant,Mallorie Saenz,17XJ1A0319
218,club_2,club_2_event_1,Participant,Mallorie Saenz,17XJ1A0319
219,club_1,club_1_event_2,Participant,Mallorie Saenz,17XJ1A0319
220,club_2,club_2_event_3,Participant,Alexandrea Starnes,18XJ1A0167
221,club_3,club_3_event_2,Participant,Alexandrea Starnes,18XJ1A0167
222,club_3,club_3_event_3,Participant,Alexandrea Starnes,18XJ1A0167
223,club_2,club_2_event_1,Participant,Alexandrea Starnes,18XJ1A0167
224,club_1,club_1_event_3,Participant,Alexandrea Starnes,18XJ1A0167
225,club_2,club_2_event_2,Participant,Alexandrea Starnes,18XJ1A0167
226,club_1,club_1_event_2,Participant,Alexandrea Starnes,18XJ1A0167
227,club_3,club_3_event_1,Participant,Alexandrea Starnes,18XJ1A0167
228,club_2,club_2_event_1,Participant,Jordin Rodrigues,18XJ1A0133
229,club_3,club_3_event_2,Participant,Jordin Rodrigues,18XJ1A0133
230,club_3,club_3_event_1,Participant,Abigayle Sander,18XJ1A0143
231,club_2,club_2_event_1,Participant,Dexter Dunne,18XJ1A0213
232,club_1,club_1_event_1,Participant,Dexter Dunne,18XJ1A0213
233,club_1,club_1_event_2,Participant,Dexter Dunne,18XJ1A0213
234,club_1,club_1_event_2,Participant,Jocelyn Fitzsimmons,17XJ1A0140
235,club_3,club_3_event_2,Participant,Jocelyn Fitzsimmons,17XJ1A0140
236,club_2,club_2_event_1,Participant,Jocelyn Fitzsimmons,17XJ1A0140
237,club_3,club_3_event_1,Participant,Jocelyn Fitzsimmons,17XJ1A0140
238,club_1,club_1_event_3,Participant,Jocelyn Fitzsimmons,17XJ1A0140
239,club_3,club_3_event_3,Participant,Jocelyn Fitzsimmons,17XJ1A0140
240,club_2,club_2_event_2,Participant,Jocelyn Fitzsimmons,17XJ1A0140
241,club_3,club_3_event_3,Participant,Karla Parris,17XJ1A0173
242,club_1,club_1_event_1,Participant,Karla Parris,17XJ1A0173
243,club_3,club_3_event_1,Participant,Karla Parris,17XJ1A0173
244,club_1,club_1_event_3,Participant,Karla Parris,17XJ1A0173
245,club_2,club_2_event_2,Participant,Karla Parris,17XJ1A0173
246,club_3,club_3_event_3,Participant,Karla Parris,17XJ1A0173
247,club_1,club_1_event_2,Participant,Shea Jenkins,17XJ1A0235
248,club_3,club_3_event_3,Participant,Shea Jenkins,17XJ1A0235
249,club_2,club_2_event_3,Participant,Shea Jenkins,17XJ1A0235
250,club_2,club_2_event_2,Participant,Shea Jenkins,17XJ1A0235
251,club_2,club_2_event_1,Participant,Shea Jenkins,17XJ1A0235
252,club_3,club_3_event_2,Participant,Shea Jenkins,17XJ1A0235
253,club_3,club_3_event_1,Participant,Amaiya Solano,17XJ1A0147
254,club_3,club_3_event_2,Participant,Amaiya Solano,17XJ1A0147
255,club_2,club_2_event_2,Participant,Amaiya Solano,17XJ1A0147
256,club_2,club_2_event_1,Participant,Amaiya Solano,17XJ1A0147
257,club_2,club_2_event_3,Participant,Amaiya Solano,17XJ1A0147
258,club_1,club_1_event_3,Participant,Amaiya Solano,17XJ1A0147
259,club_1,club_1_event_2,Participant,Amaiya Solano,17XJ1A0147
260,club_1,club_1_event_1,Participant,Thea McCloud,18XJ1A0255
261,club_2,club_2_event_1,Participant,Britton Gillespie,18XJ1A0266
262,club_1,club_1_event_1,Participant,Britton Gillespie,18XJ1A0266
263,club_1,club_1_event_2,Participant,Britton Gillespie,18XJ1A0266
264,club_3,club_3_event_3,Participant,Britton Gillespie,18XJ1A0266
265,club_2,club_2_event_1,Participant,Linda Brennan,17XJ1A0338
266,club_1,club_1_event_2,Participant,Linda Brennan,17XJ1A0338
267,club_1,club_1_event_1,Participant,Linda Brennan,17XJ1A0338
268,club_1,club_1_event_3,Participant,Linda Brennan,17XJ1A0338
269,club_3,club_3_event_1,Participant,Linda Brennan,17XJ1A0338
270,club_1,club_1_event_2,Participant,Zachery Clancy,18XJ1A0101
271,club_2,club_2_event_2,Participant,Zachery Clancy,18XJ1A0101
272,club_2,club_2_event_1,Participant,Alina Ervin,18XJ1A0274
273,club_3,club_3_event_3,Participant,Alina Ervin,18XJ1A0274
274,club_1,club_1_event_2,Participant,Alina Ervin,18XJ1A0274
275,club_1,club_1_event_2,Participant,Doris Prado,17XJ1A0249
276,club_3,club_3_event_2,Participant,Doris Prado,17XJ1A0249
277,club_2,club_2_event_2,Participant,Doris Prado,17XJ1A0249
278,club_3,club_3_event_1,Participant,Doris Prado,17XJ1A0249
279,club_2,club_2_event_1,Participant,Doris Prado,17XJ1A0249
280,club_2,club_2_event_1,Participant,Johnson Schuler,18XJ1A0183
281,club_3,club_3_event_2,Participant,Johnson Schuler,18XJ1A0183
282,club_1,club_1_event_2,Participant,Johnson Schuler,18XJ1A0183
283,club_1,club_1_event_2,Participant,Kayleigh Koenig,17XJ1A0113
284,club_2,club_2_event_1,Participant,Kayleigh Koenig,17XJ1A0113
285,club_2,club_2_event_2,Participant,Lorena Lamar,17XJ1A0312
286,club_3,club_3_event_1,Participant,Lorena Lamar,17XJ1A0312
287,club_3,club_3_event_2,Participant,Lorena Lamar,17XJ1A0312
288,club_2,club_2_event_3,Participant,Kierstin Millard,18XJ1A0339
289,club_1,club_1_event_3,Participant,Kierstin Millard,18XJ1A0339
290,club_3,club_3_event_1,Participant,Kierstin Millard,18XJ1A0339
291,club_3,club_3_event_2,Participant,Kierstin Millard,18XJ1A0339
292,club_2,club_2_event_2,Participant,Kierstin Millard,18XJ1A0339
293,club_3,club_3_event_3,Participant,Kierstin Millard,18XJ1A0339
294,club_2,club_2_event_2,Participant,James Patrick,18XJ1A0307
295,club_3,club_3_event_1,Participant,James Patrick,18XJ1A0307
296,club_2,club_2_event_2,organiser_5,Reagan Houghton,18XJ1A0243
297,club_1,club_1_event_2,Participant,Reagan Houghton,18XJ1A0243
298,club_2,club_2_event_1,Participant,Reagan Houghton,18XJ1A0243
299,club_2,club_2_event_2,Participant,Reagan Houghton,18XJ1A0243
300,club_3,club_3_event_1,Participant,Reagan Houghton,18XJ1A0243
301,club_3,club_3_event_1,Participant,Reagan Houghton,18XJ1A0243
302,club_2,club_2_event_2,Participant,Stephon Burnett,17XJ1A0190
303,club_1,club_1_event_1,Participant,Stephon Burnett,17XJ1A0190
304,club_3,club_3_event_2,Participant,Stephon Burnett,17XJ1A0190
305,club_1,club_1_event_2,Participant,Misty Lavoie,17XJ1A0258
306,club_2,club_2_event_1,Participant,Misty Lavoie,17XJ1A0258
307,club_1,club_1_event_1,Participant,Misty Lavoie,17XJ1A0258
308,club_2,club_2_event_3,Participant,Joaquin Crist,17XJ1A0305
309,club_1,club_1_event_2,Participant,Joaquin Crist,17XJ1A0305
310,club_1,club_1_event_1,Participant,Joaquin Crist,17XJ1A0305
311,club_2,club_2_event_2,Participant,Joaquin Crist,17XJ1A0305
312,club_3,club_3_event_3,Participant,Joaquin Crist,17XJ1A0305
313,club_3,club_3_event_1,Participant,Joaquin Crist,17XJ1A0305
314,club_3,club_3_event_2,Participant,Joaquin Crist,17XJ1A0305
315,club_2,club_2_event_1,Participant,Joaquin Crist,17XJ1A0305
316,club_1,club_1_event_3,Participant,Joaquin Crist,17XJ1A0305
317,club_2,club_2_event_2,Participant,Killian Ratliff,18XJ1A0222
318,club_2,club_2_event_3,Participant,Killian Ratliff,18XJ1A0222
319,club_3,club_3_event_2,Participant,Killian Ratliff,18XJ1A0222
320,club_1,club_1_event_1,Participant,Killian Ratliff,18XJ1A0222
321,club_3,club_3_event_3,Participant,Killian Ratliff,18XJ1A0222
322,club_3,club_3_event_1,Participant,Killian Ratliff,18XJ1A0222
323,club_1,club_1_event_2,Participant,Killian Ratliff,18XJ1A0222
324,club_3,club_3_event_1,Participant,Roxanna McNair,18XJ1A0190
325,club_3,club_3_event_1,Participant,Roxanna McNair,18XJ1A0190
326,club_2,club_2_event_2,Participant,Roxanna McNair,18XJ1A0190
327,club_1,club_1_event_1,Participant,Latrell Easley,17XJ1A0282
328,club_3,club_3_event_1,Participant,Latrell Easley,17XJ1A0282
329,club_1,club_1_event_2,Participant,Latrell Easley,17XJ1A0282
330,club_2,club_2_event_2,Participant,Latrell Easley,17XJ1A0282
331,club_2,club_2_event_1,Participant,Latrell Easley,17XJ1A0282
332,club_1,club_1_event_1,Participant,Kenton Trejo,17XJ1A0208
333,club_2,club_2_event_1,Participant,Kenton Trejo,17XJ1A0208
334,club_2,club_2_event_2,Participant,Kenton Trejo,17XJ1A0208
335,club_3,club_3_event_1,Participant,Kenton Trejo,17XJ1A0208
336,club_1,club_1_event_2,Participant,Kenton Trejo,17XJ1A0208
337,club_1,club_1_event_3,Participant,Kenton Trejo,17XJ1A0208
338,club_1,club_1_event_1,Participant,Nora Snyder,18XJ1A0301
339,club_3,club_3_event_1,Participant,Nora Snyder,18XJ1A0301
340,club_2,club_2_event_2,Participant,Nora Snyder,18XJ1A0301
341,club_1,club_1_event_1,Participant,Shanna Branch,17XJ1A0335
342,club_2,club_2_event_2,Participant,Shanna Branch,17XJ1A0335
343,club_2,club_2_event_1,Participant,Shanna Branch,17XJ1A0335
344,club_3,club_3_event_1,Participant,Shanna Branch,17XJ1A0335
345,club_2,club_2_event_2,Participant,Griselda Acuna,18XJ1A0280
346,club_1,club_1_event_2,Participant,Griselda Acuna,18XJ1A0280
347,club_2,club_2_event_1,Participant,Griselda Acuna,18XJ1A0280
348,club_3,club_3_event_1,Participant,Griselda Acuna,18XJ1A0280
349,club_3,club_3_event_2,Participant,Griselda Acuna,18XJ1A0280
350,club_2,club_2_event_1,Participant,Delanie Gilbertson,17XJ1A0230
351,club_1,club_1_event_2,Participant,Delanie Gilbertson,17XJ1A0230
352,club_1,club_1_event_3,Participant,Luciano Sims,18XJ1A0292
353,club_1,club_1_event_2,Participant,Luciano Sims,18XJ1A0292
354,club_3,club_3_event_1,Participant,Luciano Sims,18XJ1A0292
355,club_2,club_2_event_1,Participant,Luciano Sims,18XJ1A0292
356,club_1,club_1_event_1,Participant,Yisroel Sisk,17XJ1A0348
357,club_2,club_2_event_1,Participant,Yisroel Sisk,17XJ1A0348
358,club_2,club_2_event_2,Participant,Yisroel Sisk,17XJ1A0348
359,club_1,club_1_event_2,Participant,Yisroel Sisk,17XJ1A0348
360,club_3,club_3_event_1,Participant,Yisroel Sisk,17XJ1A0348
361,club_1,club_1_event_2,organiser_3,Dayna Steele,18XJ1A0233
362,club_3,club_3_event_3,Participant,Dayna Steele,18XJ1A0233
363,club_2,club_2_event_1,Participant,Dayna Steele,18XJ1A0233
364,club_1,club_1_event_1,organiser_3,Dayna Steele,18XJ1A0233
365,club_1,club_1_event_2,Participant,Dayna Steele,18XJ1A0233
366,club_2,club_2_event_3,Participant,Dayna Steele,18XJ1A0233
367,club_1,club_1_event_3,Participant,Dayna Steele,18XJ1A0233
368,club_1,club_1_event_1,organiser_4,Dayna Steele,18XJ1A0233
369,club_3,club_3_event_2,Participant,Dayna Steele,18XJ1A0233
370,club_2,club_2_event_3,Participant,Tatum Henning,18XJ1A0171
371,club_1,club_1_event_1,Participant,Tatum Henning,18XJ1A0171
372,club_2,club_2_event_2,Participant,Tatum Henning,18XJ1A0171
373,club_3,club_3_event_1,Participant,Tatum Henning,18XJ1A0171
374,club_3,club_3_event_2,Participant,Serenity Ngo,18XJ1A0152
375,club_1,club_1_event_2,Participant,Dario White,17XJ1A0292
376,club_1,club_1_event_1,Participant,Dario White,17XJ1A0292
377,club_2,club_2_event_1,Participant,Dario White,17XJ1A0292
378,club_3,club_3_event_2,Participant,Ainsley Clinton,18XJ1A0187
379,club_2,club_2_event_1,Participant,Ainsley Clinton,18XJ1A0187
380,club_1,club_1_event_2,Participant,Ainsley Clinton,18XJ1A0187
381,club_3,club_3_event_2,Participant,Heidi Whitmore,18XJ1A0173
382,club_2,club_2_event_1,Participant,Heidi Whitmore,18XJ1A0173
383,club_1,club_1_event_3,Participant,Heidi Whitmore,18XJ1A0173
384,club_3,club_3_event_3,Participant,Heidi Whitmore,18XJ1A0173
385,club_2,club_2_event_2,Participant,Heidi Whitmore,18XJ1A0173
386,club_2,club_2_event_3,Participant,Heidi Whitmore,18XJ1A0173
387,club_3,club_3_event_1,Participant,Heidi Whitmore,18XJ1A0173
388,club_3,club_3_event_2,Participant,Ciera Almanza,18XJ1A0191
389,club_2,club_2_event_2,Participant,Ciera Almanza,18XJ1A0191
390,club_2,club_2_event_3,Participant,Ciera Almanza,18XJ1A0191
391,club_1,club_1_event_1,Participant,Ciera Almanza,18XJ1A0191
392,club_1,club_1_event_2,Participant,Ciera Almanza,18XJ1A0191
393,club_3,club_3_event_3,Participant,Fernando Segovia,17XJ1A0265
394,club_1,club_1_event_3,Participant,Fernando Segovia,17XJ1A0265
395,club_3,club_3_event_1,Participant,Fernando Segovia,17XJ1A0265
396,club_2,club_2_event_2,Participant,Fernando Segovia,17XJ1A0265
397,club_2,club_2_event_1,Participant,Jazmyn Schmid,18XJ1A0312
398,club_3,club_3_event_2,Participant,Jazmyn Schmid,18XJ1A0312
399,club_1,club_1_event_2,Participant,Jazmyn Schmid,18XJ1A0312
400,club_1,club_1_event_1,Participant,Tyshawn Espino,18XJ1A0185
401,club_2,club_2_event_2,Participant,Tyshawn Espino,18XJ1A0185
402,club_3,club_3_event_1,Participant,Tyshawn Espino,18XJ1A0185
403,club_3,club_3_event_2,Participant,Tyshawn Espino,18XJ1A0185
404,club_1,club_1_event_2,Participant,Alexander Jaimes,18XJ1A0218
405,club_1,club_1_event_1,Participant,Mckenzie Hitchcock,17XJ1A0200
406,club_3,club_3_event_1,Participant,Mckenzie Hitchcock,17XJ1A0200
407,club_3,club_3_event_3,organiser_4,Mckenzie Hitchcock,17XJ1A0200
408,club_3,club_3_event_3,Participant,Mckenzie Hitchcock,17XJ1A0200
409,club_3,club_3_event_2,organiser_4,Mckenzie Hitchcock,17XJ1A0200
410,club_1,club_1_event_1,Participant,Crystal Leavitt,17XJ1A0163
411,club_2,club_2_event_1,Participant,Crystal Leavitt,17XJ1A0163
412,club_1,club_1_event_2,Participant,Crystal Leavitt,17XJ1A0163
413,club_1,club_1_event_3,Participant,Keri Carrier,17XJ1A0101
414,club_1,club_1_event_2,Participant,Keri Carrier,17XJ1A0101
415,club_2,club_2_event_2,Participant,Keri Carrier,17XJ1A0101
416,club_2,club_2_event_1,Participant,Keri Carrier,17XJ1A0101
417,club_3,club_3_event_3,Participant,Keri Carrier,17XJ1A0101
418,club_3,club_3_event_1,Participant,Baby Heaton,17XJ1A0117
419,club_1,club_1_event_3,Participant,Baby Heaton,17XJ1A0117
420,club_3,club_3_event_3,Participant,Baby Heaton,17XJ1A0117
421,club_1,club_1_event_2,Participant,Baby Heaton,17XJ1A0117
422,club_2,club_2_event_2,Participant,Baby Heaton,17XJ1A0117
423,club_2,club_2_event_2,Participant,Christion Cohen,17XJ1A0170
424,club_3,club_3_event_3,Participant,Christion Cohen,17XJ1A0170
425,club_3,club_3_event_1,Participant,Christion Cohen,17XJ1A0170
426,club_2,club_2_event_1,Participant,Christion Cohen,17XJ1A0170
427,club_1,club_1_event_1,Participant,Christion Cohen,17XJ1A0170
428,club_1,club_1_event_3,Participant,Christion Cohen,17XJ1A0170
429,club_1,club_1_event_2,Participant,Christion Cohen,17XJ1A0170
430,club_1,club_1_event_2,Participant,Johnny Toney,18XJ1A0224
431,club_1,club_1_event_2,Participant,Johnny Toney,18XJ1A0224
432,club_2,club_2_event_1,Participant,Johnny Toney,18XJ1A0224
433,club_3,club_3_event_2,Participant,Johnny Toney,18XJ1A0224
434,club_3,club_3_event_1,Participant,Kasey Gabriel,18XJ1A0254
435,club_3,club_3_event_2,Participant,Kasey Gabriel,18XJ1A0254
436,club_2,club_2_event_1,Participant,Jadon Vandyke,17XJ1A0108
437,club_1,club_1_event_2,Participant,Jadon Vandyke,17XJ1A0108
438,club_3,club_3_event_1,Participant,Wilson Slocum,18XJ1A0177
439,club_1,club_1_event_1,Participant,Wilson Slocum,18XJ1A0177
440,club_3,club_3_event_3,Participant,Wilson Slocum,18XJ1A0177
441,club_1,club_1_event_1,Participant,Wilson Slocum,18XJ1A0177
442,club_2,club_2_event_2,Participant,Wilson Slocum,18XJ1A0177
443,club_1,club_1_event_3,Participant,Wilson Slocum,18XJ1A0177
444,club_1,club_1_event_2,Participant,Wilson Slocum,18XJ1A0177
445,club_3,club_3_event_1,Participant,Judith Crook,18XJ1A0220
446,club_1,club_1_event_3,Participant,Judith Crook,18XJ1A0220
447,club_1,club_1_event_2,Participant,Judith Crook,18XJ1A0220
448,club_1,club_1_event_1,Participant,Judith Crook,18XJ1A0220
449,club_2,club_2_event_2,Participant,Judith Crook,18XJ1A0220
450,club_3,club_3_event_3,Participant,Rylie Gomez,17XJ1A0323
451,club_1,club_1_event_2,Participant,Rylie Gomez,17XJ1A0323
452,club_3,club_3_event_1,Participant,Rylie Gomez,17XJ1A0323
453,club_2,club_2_event_2,Participant,Rylie Gomez,17XJ1A0323
454,club_2,club_2_event_1,Participant,Rylie Gomez,17XJ1A0323
455,club_1,club_1_event_3,Participant,Rylie Gomez,17XJ1A0323
456,club_1,club_1_event_1,Participant,Rowan Paquette,17XJ1A0196
457,club_3,club_3_event_2,Participant,Rowan Paquette,17XJ1A0196
458,club_3,club_3_event_3,Participant,Kalista Whiteside,17XJ1A0192
459,club_3,club_3_event_1,Participant,Kalista Whiteside,17XJ1A0192
460,club_2,club_2_event_2,Participant,Kalista Whiteside,17XJ1A0192
461,club_1,club_1_event_3,Participant,Kalista Whiteside,17XJ1A0192
462,club_2,club_2_event_1,Participant,Kalen Logan,17XJ1A0189
463,club_1,club_1_event_1,Participant,Kalen Logan,17XJ1A0189
464,club_1,club_1_event_2,Participant,Kalen Logan,17XJ1A0189
465,club_3,club_3_event_2,Participant,Kalen Logan,17XJ1A0189
466,club_3,club_3_event_1,organiser_3,Kalen Logan,17XJ1A0189
467,club_3,club_3_event_3,organiser_3,Kalen Logan,17XJ1A0189
468,club_3,club_3_event_2,organiser_3,Kalen Logan,17XJ1A0189
469,club_1,club_1_event_2,Participant,Stevie Young,18XJ1A0155
470,club_2,club_2_event_2,Participant,Stevie Young,18XJ1A0155
471,club_1,club_1_event_3,Participant,Jedidiah Clarkson,17XJ1A0281
472,club_3,club_3_event_3,Participant,Jedidiah Clarkson,17XJ1A0281
473,club_3,club_3_event_1,Participant,Jedidiah Clarkson,17XJ1A0281
474,club_2,club_2_event_2,Participant,Jedidiah Clarkson,17XJ1A0281
475,club_1,club_1_event_2,Participant,Jedidiah Clarkson,17XJ1A0281
476,club_2,club_2_event_1,Participant,Jedidiah Clarkson,17XJ1A0281
477,club_3,club_3_event_2,Participant,Jedidiah Clarkson,17XJ1A0281
478,club_2,club_2_event_1,Participant,Jayvon Kirk,17XJ1A0294
479,club_3,club_3_event_1,Participant,Jayvon Kirk,17XJ1A0294
480,club_1,club_1_event_1,Participant,Jayvon Kirk,17XJ1A0294
481,club_1,club_1_event_2,Participant,Jayvon Kirk,17XJ1A0294
482,club_3,club_3_event_2,Participant,Jayvon Kirk,17XJ1A0294
483,club_1,club_1_event_3,Participant,Lewis Breedlove,17XJ1A0233
484,club_3,club_3_event_3,Participant,Lewis Breedlove,17XJ1A0233
485,club_3,club_3_event_1,Participant,Lewis Breedlove,17XJ1A0233
486,club_2,club_2_event_3,Participant,Lewis Breedlove,17XJ1A0233
487,club_3,club_3_event_2,Participant,Lewis Breedlove,17XJ1A0233
488,club_3,club_3_event_1,Participant,Kierstin Romano,17XJ1A0271
489,club_1,club_1_event_1,Participant,Kierstin Romano,17XJ1A0271
490,club_3,club_3_event_2,Participant,Kierstin Romano,17XJ1A0271
491,club_1,club_1_event_3,Participant,Kierstin Romano,17XJ1A0271
492,club_2,club_2_event_2,Participant,Kierstin Romano,17XJ1A0271
493,club_2,club_2_event_3,Participant,Kierstin Romano,17XJ1A0271
494,club_1,club_1_event_1,Participant,Justyn Goetz,17XJ1A0259
495,club_3,club_3_event_3,Participant,Justyn Goetz,17XJ1A0259
496,club_1,club_1_event_3,organiser_5,Justyn Goetz,17XJ1A0259
497,club_1,club_1_event_1,organiser_5,Justyn Goetz,17XJ1A0259
498,club_1,club_1_event_2,organiser_5,Justyn Goetz,17XJ1A0259
499,club_2,club_2_event_1,Participant,Justyn Goetz,17XJ1A0259
500,club_2,club_2_event_3,organiser_4,Justyn Goetz,17XJ1A0259
501,club_1,club_1_event_2,Participant,Justyn Goetz,17XJ1A0259
502,club_2,club_2_event_3,Participant,Justyn Goetz,17XJ1A0259
503,club_2,club_2_event_1,organiser_4,Justyn Goetz,17XJ1A0259
504,club_2,club_2_event_2,organiser_4,Justyn Goetz,17XJ1A0259
505,club_3,club_3_event_1,Participant,Joselyn Barrow,17XJ1A0347
506,club_3,club_3_event_3,Participant,Joselyn Barrow,17XJ1A0347
507,club_1,club_1_event_1,Participant,Joselyn Barrow,17XJ1A0347
508,club_1,club_1_event_3,Participant,Joselyn Barrow,17XJ1A0347
509,club_3,club_3_event_2,Participant,Eden Ring,17XJ1A0228
510,club_2,club_2_event_1,Participant,Eden Ring,17XJ1A0228
511,club_2,club_2_event_3,Participant,Eden Ring,17XJ1A0228
512,club_1,club_1_event_2,Participant,Eden Ring,17XJ1A0228
513,club_3,club_3_event_1,Participant,Theodore Schmidt,18XJ1A0131
514,club_1,club_1_event_3,Participant,Theodore Schmidt,18XJ1A0131
515,club_2,club_2_event_1,Participant,Theodore Schmidt,18XJ1A0131
516,club_2,club_2_event_2,Participant,Theodore Schmidt,18XJ1A0131
517,club_1,club_1_event_2,Participant,Theodore Schmidt,18XJ1A0131
518,club_3,club_3_event_3,Participant,Theodore Schmidt,18XJ1A0131
519,club_3,club_3_event_1,Participant,Mireya Godfrey,18XJ1A0287
520,club_2,club_2_event_2,Participant,Mireya Godfrey,18XJ1A0287
521,club_2,club_2_event_2,Participant,Kalee Casillas,17XJ1A0181
522,club_1,club_1_event_2,Participant,Kalee Casillas,17XJ1A0181
523,club_3,club_3_event_1,Participant,Kalee Casillas,17XJ1A0181
524,club_2,club_2_event_2,Participant,Jarrett Murry,17XJ1A0246
525,club_2,club_2_event_3,Participant,Jarrett Murry,17XJ1A0246
526,club_1,club_1_event_3,Participant,Jarrett Murry,17XJ1A0246
527,club_3,club_3_event_2,Participant,Jarrett Murry,17XJ1A0246
528,club_2,club_2_event_2,Participant,Sydnee Mears,17XJ1A0314
529,club_3,club_3_event_3,organiser_5,Sydnee Mears,17XJ1A0314
530,club_3,club_3_event_1,organiser_5,Sydnee Mears,17XJ1A0314
531,club_3,club_3_event_3,Participant,Sydnee Mears,17XJ1A0314
532,club_1,club_1_event_1,Participant,Sydnee Mears,17XJ1A0314
533,club_2,club_2_event_1,Participant,Andrew Keefe,17XJ1A0345
534,club_1,club_1_event_2,Participant,Andrew Keefe,17XJ1A0345
535,club_3,club_3_event_2,Participant,Kathrine Leone,18XJ1A0142
536,club_3,club_3_event_3,Participant,Kathrine Leone,18XJ1A0142
537,club_1,club_1_event_1,Participant,Kathrine Leone,18XJ1A0142
538,club_3,club_3_event_2,organiser_1,Kathrine Leone,18XJ1A0142
539,club_3,club_3_event_1,organiser_1,Kathrine Leone,18XJ1A0142
540,club_3,club_3_event_3,organiser_1,Kathrine Leone,18XJ1A0142
541,club_2,club_2_event_1,Participant,Amber Costa,18XJ1A0205
542,club_1,club_1_event_1,Participant,Amber Costa,18XJ1A0205
543,club_1,club_1_event_2,Participant,Amber Costa,18XJ1A0205
544,club_2,club_2_event_2,Participant,Abril Covarrubias,18XJ1A0138
545,club_3,club_3_event_3,Participant,Abril Covarrubias,18XJ1A0138
546,club_2,club_2_event_3,Participant,Abril Covarrubias,18XJ1A0138
547,club_1,club_1_event_1,Participant,Abril Covarrubias,18XJ1A0138
548,club_2,club_2_event_1,Participant,Abril Covarrubias,18XJ1A0138
549,club_2,club_2_event_2,Participant,Abril Covarrubias,18XJ1A0138
550,club_1,club_1_event_2,Participant,Monet Wallace,17XJ1A0100
551,club_2,club_2_event_1,Participant,Monet Wallace,17XJ1A0100
552,club_1,club_1_event_1,Participant,Tasha Smalley,17XJ1A0180
553,club_3,club_3_event_3,Participant,Tasha Smalley,17XJ1A0180
554,club_3,club_3_event_2,Participant,Tasha Smalley,17XJ1A0180
555,club_2,club_2_event_1,Participant,Tasha Smalley,17XJ1A0180
556,club_2,club_2_event_3,Participant,Tasha Smalley,17XJ1A0180
557,club_1,club_1_event_2,Participant,Tasha Smalley,17XJ1A0180
558,club_3,club_3_event_2,Participant,Autum Kohn,18XJ1A0281
559,club_1,club_1_event_3,Participant,Autum Kohn,18XJ1A0281
560,club_2,club_2_event_2,Participant,Jacey Dillon,18XJ1A0146
561,club_3,club_3_event_1,Participant,Jacey Dillon,18XJ1A0146
562,club_3,club_3_event_1,Participant,Jacey Dillon,18XJ1A0146
563,club_2,club_2_event_2,Participant,Jacey Dillon,18XJ1A0146
564,club_1,club_1_event_1,Participant,Jacey Dillon,18XJ1A0146
565,club_3,club_3_event_2,Participant,Jacey Dillon,18XJ1A0146
566,club_3,club_3_event_2,Participant,Danielle Waldrop,17XJ1A0248
567,club_2,club_2_event_1,Participant,Semaj Plummer,18XJ1A0212
568,club_1,club_1_event_2,Participant,Semaj Plummer,18XJ1A0212
569,club_1,club_1_event_2,organiser_2,Semaj Plummer,18XJ1A0212
570,club_1,club_1_event_3,organiser_2,Semaj Plummer,18XJ1A0212
571,club_1,club_1_event_1,organiser_2,Semaj Plummer,18XJ1A0212
572,club_3,club_3_event_2,Participant,Semaj Plummer,18XJ1A0212
573,club_1,club_1_event_1,Participant,Semaj Plummer,18XJ1A0212
574,club_3,club_3_event_2,Participant,Ibrahim Sun,18XJ1A0147
575,club_3,club_3_event_1,Participant,Ibrahim Sun,18XJ1A0147
576,club_1,club_1_event_3,Participant,Ibrahim Sun,18XJ1A0147
577,club_2,club_2_event_3,Participant,Ibrahim Sun,18XJ1A0147
578,club_2,club_2_event_2,Participant,Ibrahim Sun,18XJ1A0147
579,club_2,club_2_event_1,Participant,Ibrahim Sun,18XJ1A0147
580,club_2,club_2_event_1,Participant,Christy Elliott,18XJ1A0141
581,club_1,club_1_event_2,Participant,Christy Elliott,18XJ1A0141
582,club_1,club_1_event_1,Participant,Christy Elliott,18XJ1A0141
583,club_1,club_1_event_3,Participant,Christy Elliott,18XJ1A0141
584,club_2,club_2_event_2,Participant,Christy Elliott,18XJ1A0141
585,club_1,club_1_event_2,Participant,Elliot Held,17XJ1A0326
586,club_2,club_2_event_1,Participant,Elliot Held,17XJ1A0326
587,club_1,club_1_event_2,Participant,Matthias Cordero,18XJ1A0257
588,club_2,club_2_event_1,Participant,Matthias Cordero,18XJ1A0257
589,club_2,club_2_event_2,Participant,Matthias Cordero,18XJ1A0257
590,club_1,club_1_event_1,Participant,Matthias Cordero,18XJ1A0257
591,club_3,club_3_event_3,Participant,Brionna Grimes,18XJ1A0285
592,club_3,club_3_event_1,organiser_2,Brionna Grimes,18XJ1A0285
593,club_3,club_3_event_2,Participant,Brionna Grimes,18XJ1A0285
594,club_1,club_1_event_2,Participant,Brionna Grimes,18XJ1A0285
595,club_2,club_2_event_1,Participant,Brionna Grimes,18XJ1A0285
596,club_1,club_1_event_1,Participant,Brionna Grimes,18XJ1A0285
597,club_3,club_3_event_3,organiser_2,Brionna Grimes,18XJ1A0285
598,club_3,club_3_event_2,organiser_2,Brionna Grimes,18XJ1A0285
599,club_3,club_3_event_1,Participant,Jaylan Krieger,18XJ1A0161
600,club_2,club_2_event_1,Participant,Jaylan Krieger,18XJ1A0161
601,club_1,club_1_event_1,Participant,Jaylan Krieger,18XJ1A0161
602,club_1,club_1_event_1,Participant,Jaylan Krieger,18XJ1A0161
603,club_1,club_1_event_2,Participant,Jaylan Krieger,18XJ1A0161
604,club_2,club_2_event_2,Participant,Jaylan Krieger,18XJ1A0161
605,club_2,club_2_event_1,Participant,Jaylan Krieger,18XJ1A0161
606,club_2,club_2_event_2,Participant,Frank Halstead,17XJ1A0332
607,club_3,club_3_event_2,Participant,Frank Halstead,17XJ1A0332
608,club_1,club_1_event_3,Participant,Frank Halstead,17XJ1A0332
609,club_3,club_3_event_1,Participant,Frank Halstead,17XJ1A0332
610,club_2,club_2_event_3,Participant,Frank Halstead,17XJ1A0332
611,club_1,club_1_event_1,Participant,Frank Halstead,17XJ1A0332
612,club_1,club_1_event_1,Participant,Gisselle Thornton,18XJ1A0346
613,club_1,club_1_event_1,organiser_1,Annette Ahmed,18XJ1A0100
614,club_1,club_1_event_2,organiser_1,Annette Ahmed,18XJ1A0100
615,club_3,club_3_event_1,Participant,Annette Ahmed,18XJ1A0100
616,club_1,club_1_event_3,Participant,Annette Ahmed,18XJ1A0100
617,club_2,club_2_event_2,Participant,Annette Ahmed,18XJ1A0100
618,club_3,club_3_event_2,Participant,Annette Ahmed,18XJ1A0100
619,club_1,club_1_event_3,organiser_1,Annette Ahmed,18XJ1A0100
620,club_3,club_3_event_2,Participant,Robyn Dickey,17XJ1A0211
621,club_2,club_2_event_1,Participant,Robyn Dickey,17XJ1A0211
622,club_1,club_1_event_2,Participant,Robyn Dickey,17XJ1A0211
623,club_2,club_2_event_1,Participant,Tai Kline,17XJ1A0116
624,club_3,club_3_event_2,Participant,Tai Kline,17XJ1A0116
625,club_3,club_3_event_1,Participant,Alvin Hayden,17XJ1A0299
626,club_3,club_3_event_2,Participant,Alvin Hayden,17XJ1A0299
627,club_3,club_3_event_1,Participant,Ireland Bernier,17XJ1A0341
628,club_1,club_1_event_1,Participant,Ireland Bernier,17XJ1A0341
629,club_2,club_2_event_2,Participant,Ireland Bernier,17XJ1A0341
630,club_2,club_2_event_1,organiser_5,Guillermo Hackney,17XJ1A0296
631,club_3,club_3_event_1,Participant,Guillermo Hackney,17XJ1A0296
632,club_2,club_2_event_2,Participant,Guillermo Hackney,17XJ1A0296
633,club_3,club_3_event_2,Participant,Guillermo Hackney,17XJ1A0296
634,club_1,club_1_event_2,Participant,Guillermo Hackney,17XJ1A0296
635,club_2,club_2_event_3,organiser_5,Guillermo Hackney,17XJ1A0296
636,club_2,club_2_event_1,Participant,Guillermo Hackney,17XJ1A0296
637,club_3,club_3_event_1,Participant,Abagail Marx,18XJ1A0202
638,club_1,club_1_event_2,Participant,Abagail Marx,18XJ1A0202
639,club_2,club_2_event_2,Participant,Abagail Marx,18XJ1A0202
640,club_2,club_2_event_1,Participant,Abagail Marx,18XJ1A0202
641,club_1,club_1_event_2,Participant,Jessenia Perales,17XJ1A0302
642,club_2,club_2_event_1,Participant,Jessenia Perales,17XJ1A0302
643,club_1,club_1_event_1,Participant,Jessenia Perales,17XJ1A0302
644,club_3,club_3_event_2,Participant,Jessenia Perales,17XJ1A0302
645,club_1,club_1_event_2,Participant,Cornelius Macias,18XJ1A0327
646,club_1,club_1_event_3,Participant,Cornelius Macias,18XJ1A0327
647,club_2,club_2_event_2,Participant,Cornelius Macias,18XJ1A0327
648,club_3,club_3_event_3,Participant,Cornelius Macias,18XJ1A0327
649,club_3,club_3_event_1,Participant,Cornelius Macias,18XJ1A0327
650,club_2,club_2_event_1,Participant,Cornelius Macias,18XJ1A0327
651,club_1,club_1_event_1,Participant,Allissa Biddle,18XJ1A0260
652,club_2,club_2_event_3,Participant,Allissa Biddle,18XJ1A0260
653,club_3,club_3_event_2,Participant,Allissa Biddle,18XJ1A0260
654,club_3,club_3_event_3,Participant,Allissa Biddle,18XJ1A0260
655,club_1,club_1_event_2,Participant,Allissa Biddle,18XJ1A0260
656,club_2,club_2_event_1,Participant,Kristian Jansen,17XJ1A0343
657,club_3,club_3_event_2,Participant,Kristian Jansen,17XJ1A0343
658,club_1,club_1_event_2,Participant,Kristian Jansen,17XJ1A0343
659,club_2,club_2_event_2,Participant,Kobe Barrientos,18XJ1A0338
660,club_2,club_2_event_3,Participant,Kobe Barrientos,18XJ1A0338
661,club_3,club_3_event_2,Participant,Kobe Barrientos,18XJ1A0338
662,club_3,club_3_event_1,Participant,Kobe Barrientos,18XJ1A0338
663,club_3,club_3_event_3,Participant,Kobe Barrientos,18XJ1A0338
664,club_2,club_2_event_2,Participant,Tucker Volk,17XJ1A0178
665,club_1,club_1_event_2,Participant,Tucker Volk,17XJ1A0178
666,club_2,club_2_event_1,Participant,Tucker Volk,17XJ1A0178
667,club_3,club_3_event_1,Participant,Tucker Volk,17XJ1A0178
668,club_3,club_3_event_2,Participant,Thea Noyes,17XJ1A0172
669,club_3,club_3_event_1,Participant,Thea Noyes,17XJ1A0172
670,club_2,club_2_event_2,Participant,Thea Noyes,17XJ1A0172
671,club_1,club_1_event_2,Participant,Jude Golden,17XJ1A0226
672,club_2,club_2_event_1,Participant,Jude Golden,17XJ1A0226
673,club_1,club_1_event_2,Participant,Jaylan Conway,18XJ1A0122
674,club_3,club_3_event_2,Participant,Jaylan Conway,18XJ1A0122
675,club_2,club_2_event_1,Participant,Jaylan Conway,18XJ1A0122
676,club_3,club_3_event_3,Participant,Phoenix Fontaine,17XJ1A0128
677,club_2,club_2_event_2,Participant,Phoenix Fontaine,17XJ1A0128
678,club_3,club_3_event_2,Participant,Margaret Krebs,17XJ1A0131
679,club_2,club_2_event_1,Participant,Jaquelin Duran,18XJ1A0102
680,club_1,club_1_event_2,Participant,Jaquelin Duran,18XJ1A0102
681,club_3,club_3_event_2,Participant,Jaquelin Duran,18XJ1A0102
682,club_3,club_3_event_2,Participant,Jaquelin Duran,18XJ1A0102
683,club_3,club_3_event_1,Participant,Carlos Sullivan,17XJ1A0207
684,club_2,club_2_event_2,Participant,Carlos Sullivan,17XJ1A0207
685,club_1,club_1_event_1,Participant,Carlos Sullivan,17XJ1A0207
686,club_3,club_3_event_1,Participant,Jonatan Moses,18XJ1A0306
687,club_2,club_2_event_2,Participant,Jonatan Moses,18XJ1A0306
688,club_3,club_3_event_2,Participant,Lukas McGee,18XJ1A0298
689,club_3,club_3_event_3,Participant,Lukas McGee,18XJ1A0298
690,club_1,club_1_event_3,Participant,Lukas McGee,18XJ1A0298
691,club_3,club_3_event_1,Participant,Lukas McGee,18XJ1A0298
692,club_2,club_2_event_2,Participant,Rashawn Balderas,17XJ1A0126
693,club_3,club_3_event_1,Participant,Rashawn Balderas,17XJ1A0126
694,club_2,club_2_event_2,Participant,Sanjana Cornwell,17XJ1A0187
695,club_3,club_3_event_2,Participant,Sanjana Cornwell,17XJ1A0187
696,club_3,club_3_event_1,Participant,Sanjana Cornwell,17XJ1A0187
697,club_1,club_1_event_1,Participant,Sanjana Cornwell,17XJ1A0187
698,club_3,club_3_event_1,Participant,Mariel Shearer,18XJ1A0201
699,club_1,club_1_event_3,Participant,Mariel Shearer,18XJ1A0201
700,club_3,club_3_event_3,Participant,Amber Rudolph,18XJ1A0189
701,club_1,club_1_event_2,Participant,Amber Rudolph,18XJ1A0189
702,club_2,club_2_event_1,Participant,Amber Rudolph,18XJ1A0189
703,club_1,club_1_event_1,Participant,Amber Rudolph,18XJ1A0189
704,club_2,club_2_event_1,Participant,Holland Foy,18XJ1A0186
705,club_3,club_3_event_2,Participant,Holland Foy,18XJ1A0186
706,club_2,club_2_event_1,Participant,Abdullah Reddy,17XJ1A0145
707,club_1,club_1_event_2,Participant,Abdullah Reddy,17XJ1A0145
708,club_3,club_3_event_2,Participant,Abdullah Reddy,17XJ1A0145
709,club_1,club_1_event_2,Participant,Reanna Dover,18XJ1A0248
710,club_1,club_1_event_1,Participant,Reanna Dover,18XJ1A0248
711,club_1,club_1_event_2,Participant,Reanna Dover,18XJ1A0248
712,club_2,club_2_event_3,Participant,Cristobal Fallon,18XJ1A0300
713,club_3,club_3_event_2,Participant,Cristobal Fallon,18XJ1A0300
714,club_3,club_3_event_3,Participant,Cristobal Fallon,18XJ1A0300
715,club_2,club_2_event_1,organiser_2,Cristobal Fallon,18XJ1A0300
716,club_2,club_2_event_3,organiser_2,Cristobal Fallon,18XJ1A0300
717,club_2,club_2_event_2,organiser_2,Cristobal Fallon,18XJ1A0300
718,club_1,club_1_event_2,Participant,Irvin Lira,18XJ1A0117
719,club_2,club_2_event_1,Participant,Irvin Lira,18XJ1A0117
720,club_1,club_1_event_1,Participant,Irvin Lira,18XJ1A0117
721,club_3,club_3_event_2,Participant,Irvin Lira,18XJ1A0117
722,club_1,club_1_event_1,Participant,Kaycee Coker,18XJ1A0273
723,club_3,club_3_event_3,Participant,Kaycee Coker,18XJ1A0273
724,club_1,club_1_event_3,Participant,Phoenix Thai,17XJ1A0138
725,club_2,club_2_event_1,Participant,Phoenix Thai,17XJ1A0138
726,club_3,club_3_event_1,Participant,Phoenix Thai,17XJ1A0138
727,club_1,club_1_event_2,Participant,Phoenix Thai,17XJ1A0138
728,club_3,club_3_event_3,Participant,Ray Mcneely,18XJ1A0314
729,club_2,club_2_event_2,Participant,Ray Mcneely,18XJ1A0314
730,club_3,club_3_event_1,Participant,Ray Mcneely,18XJ1A0314
731,club_3,club_3_event_2,Participant,Ray Mcneely,18XJ1A0314
732,club_1,club_1_event_1,Participant,Peyton Ashford,17XJ1A0329
733,club_1,club_1_event_2,Participant,Julio Clawson,18XJ1A0154
734,club_2,club_2_event_1,Participant,Julio Clawson,18XJ1A0154
735,club_2,club_2_event_1,Participant,Julio Clawson,18XJ1A0154
736,club_2,club_2_event_2,Participant,Julio Clawson,18XJ1A0154
737,club_2,club_2_event_1,Participant,Coleman Peace,18XJ1A0286
738,club_1,club_1_event_2,Participant,Coleman Peace,18XJ1A0286
739,club_3,club_3_event_1,Participant,Ronan Baggett,17XJ1A0137
740,club_1,club_1_event_1,Participant,Ronan Baggett,17XJ1A0137
741,club_3,club_3_event_2,Participant,Ronan Baggett,17XJ1A0137
742,club_2,club_2_event_2,Participant,Ronan Baggett,17XJ1A0137
743,club_3,club_3_event_1,Participant,Adan Goetz,18XJ1A0181
744,club_2,club_2_event_2,Participant,Adan Goetz,18XJ1A0181
745,club_3,club_3_event_2,Participant,Adan Goetz,18XJ1A0181
746,club_1,club_1_event_1,Participant,Adan Goetz,18XJ1A0181
747,club_1,club_1_event_1,Participant,Abdullah Horst,17XJ1A0132
748,club_3,club_3_event_2,Participant,Abdullah Horst,17XJ1A0132
749,club_2,club_2_event_3,Participant,Maranda Dunaway,18XJ1A0235
750,club_3,club_3_event_2,Participant,Maranda Dunaway,18XJ1A0235
751,club_3,club_3_event_2,Participant,Raelyn Steward,18XJ1A0343
752,club_2,club_2_event_3,Participant,Raelyn Steward,18XJ1A0343
753,club_1,club_1_event_1,Participant,Raelyn Steward,18XJ1A0343
754,club_2,club_2_event_2,Participant,Keyla Gorman,18XJ1A0277
755,club_3,club_3_event_1,Participant,Keyla Gorman,18XJ1A0277
756,club_1,club_1_event_1,Participant,Keyla Gorman,18XJ1A0277
757,club_2,club_2_event_3,Participant,Javier Breaux,18XJ1A0221
758,club_2,club_2_event_2,Participant,Javier Breaux,18XJ1A0221
759,club_3,club_3_event_1,Participant,Javier Breaux,18XJ1A0221
760,club_1,club_1_event_2,Participant,Javier Breaux,18XJ1A0221
761,club_1,club_1_event_3,Participant,Javier Breaux,18XJ1A0221
762,club_2,club_2_event_1,Participant,Javier Breaux,18XJ1A0221
763,club_3,club_3_event_3,Participant,Javier Breaux,18XJ1A0221
764,club_3,club_3_event_2,Participant,Javier Breaux,18XJ1A0221
765,club_1,club_1_event_1,Participant,Javier Breaux,18XJ1A0221
766,club_2,club_2_event_1,Participant,Daria Daily,18XJ1A0331
767,club_1,club_1_event_1,Participant,Daria Daily,18XJ1A0331
768,club_1,club_1_event_2,Participant,Daria Daily,18XJ1A0331
769,club_3,club_3_event_1,Participant,Jacy Tipton,18XJ1A0291
770,club_2,club_2_event_2,Participant,Jacy Tipton,18XJ1A0291
771,club_1,club_1_event_2,Participant,Darrion Barrios,18XJ1A0166
772,club_1,club_1_event_1,Participant,Darrion Barrios,18XJ1A0166
773,club_1,club_1_event_1,Participant,Elena Altamirano,18XJ1A0227
774,club_2,club_2_event_2,Participant,Charisma Wilbur,18XJ1A0269
775,club_1,club_1_event_1,Participant,Charisma Wilbur,18XJ1A0269
776,club_3,club_3_event_2,Participant,Charisma Wilbur,18XJ1A0269
777,club_2,club_2_event_2,Participant,Janie Reddy,18XJ1A0219
778,club_3,club_3_event_1,Participant,Janie Reddy,18XJ1A0219
779,club_1,club_1_event_1,Participant,Raymundo Benavides,17XJ1A0225
780,club_2,club_2_event_1,Participant,Raymundo Benavides,17XJ1A0225
781,club_1,club_1_event_2,Participant,Raymundo Benavides,17XJ1A0225
782,club_3,club_3_event_1,Participant,Raymundo Benavides,17XJ1A0225
783,club_2,club_2_event_2,Participant,Raymundo Benavides,17XJ1A0225
784,club_2,club_2_event_2,Participant,Gretchen Clawson,17XJ1A0195
785,club_3,club_3_event_1,Participant,Gretchen Clawson,17XJ1A0195
786,club_3,club_3_event_2,Participant,Gretchen Clawson,17XJ1A0195
787,club_1,club_1_event_2,Participant,Cailyn Seward,18XJ1A0192
788,club_2,club_2_event_1,Participant,Cailyn Seward,18XJ1A0192
789,club_3,club_3_event_2,Participant,Cailyn Seward,18XJ1A0192
790,club_1,club_1_event_3,Participant,Daysha Sapp,18XJ1A0113
791,club_2,club_2_event_3,Participant,Daysha Sapp,18XJ1A0113
792,club_1,club_1_event_1,Participant,Maxim Turk,18XJ1A0296
793,club_3,club_3_event_2,Participant,Gabriel Hitchcock,18XJ1A0251
794,club_1,club_1_event_2,Participant,Gabriel Hitchcock,18XJ1A0251
795,club_3,club_3_event_2,Participant,Gabriel Hitchcock,18XJ1A0251
796,club_2,club_2_event_1,Participant,Gabriel Hitchcock,18XJ1A0251
797,club_2,club_2_event_2,Participant,River Feliciano,18XJ1A0324
798,club_3,club_3_event_1,Participant,River Feliciano,18XJ1A0324
799,club_3,club_3_event_1,Participant,Everett Flood,18XJ1A0150
800,club_2,club_2_event_2,Participant,Everett Flood,18XJ1A0150
801,club_1,club_1_event_1,Participant,Everett Flood,18XJ1A0150
802,club_3,club_3_event_2,Participant,Everett Flood,18XJ1A0150
803,club_3,club_3_event_3,Participant,Everett Flood,18XJ1A0150
804,club_1,club_1_event_3,Participant,Everett Flood,18XJ1A0150
805,club_3,club_3_event_1,Participant,Stephon Smoot,17XJ1A0115
806,club_2,club_2_event_2,Participant,Stephon Smoot,17XJ1A0115
807,club_3,club_3_event_1,Participant,Stephon Smoot,17XJ1A0115
808,club_1,club_1_event_2,Participant,Stephon Smoot,17XJ1A0115
809,club_2,club_2_event_1,Participant,Stephon Smoot,17XJ1A0115
810,club_1,club_1_event_1,Participant,Stephon Smoot,17XJ1A0115
811,club_1,club_1_event_3,Participant,Alexandria Galbraith,17XJ1A0218
812,club_2,club_2_event_2,Participant,Alexandria Galbraith,17XJ1A0218
813,club_3,club_3_event_1,Participant,Alexandria Galbraith,17XJ1A0218
814,club_1,club_1_event_1,Participant,Alexandria Galbraith,17XJ1A0218
815,club_1,club_1_event_2,Participant,Alexandria Galbraith,17XJ1A0218
816,club_2,club_2_event_1,Participant,Alexandria Galbraith,17XJ1A0218
817,club_2,club_2_event_3,Participant,Sydney Rowe,18XJ1A0265
818,club_3,club_3_event_2,Participant,Sydney Rowe,18XJ1A0265
819,club_1,club_1_event_1,Participant,Sydney Rowe,18XJ1A0265
820,club_1,club_1_event_1,Participant,Johnathon Leger,18XJ1A0334
821,club_3,club_3_event_2,Participant,Johnathon Leger,18XJ1A0334
822,club_2,club_2_event_2,Participant,Johnathon Leger,18XJ1A0334
823,club_3,club_3_event_3,Participant,Janell Hager,17XJ1A0313
824,club_2,club_2_event_3,Participant,Janell Hager,17XJ1A0313
825,club_1,club_1_event_1,Participant,Janell Hager,17XJ1A0313
826,club_3,club_3_event_2,Participant,Janell Hager,17XJ1A0313
827,club_1,club_1_event_2,Participant,Janell Hager,17XJ1A0313
828,club_2,club_2_event_1,Participant,Janell Hager,17XJ1A0313
829,club_3,club_3_event_1,Participant,Zoie McDermott,17XJ1A0227
830,club_2,club_2_event_2,Participant,Zoie McDermott,17XJ1A0227
831,club_1,club_1_event_1,Participant,Zoie McDermott,17XJ1A0227
832,club_1,club_1_event_1,Participant,Eleni Aranda,17XJ1A0254
833,club_2,club_2_event_3,Participant,Arjun Payne,18XJ1A0159
834,club_1,club_1_event_2,Participant,Arjun Payne,18XJ1A0159
835,club_3,club_3_event_2,Participant,Arjun Payne,18XJ1A0159
836,club_1,club_1_event_1,Participant,Arjun Payne,18XJ1A0159
837,club_2,club_2_event_1,Participant,Arjun Payne,18XJ1A0159
838,club_1,club_1_event_1,Participant,Amalia Frost,18XJ1A0108
839,club_2,club_2_event_2,Participant,Amalia Frost,18XJ1A0108
840,club_2,club_2_event_1,Participant,Amalia Frost,18XJ1A0108
841,club_3,club_3_event_1,Participant,Amalia Frost,18XJ1A0108
842,club_1,club_1_event_1,Participant,Chastity Hulsey,18XJ1A0245
843,club_3,club_3_event_2,Participant,Chastity Hulsey,18XJ1A0245
844,club_1,club_1_event_1,Participant,Allen McPherson,17XJ1A0106
845,club_2,club_2_event_1,Participant,Allen McPherson,17XJ1A0106
846,club_2,club_2_event_2,Participant,Allen McPherson,17XJ1A0106
847,club_1,club_1_event_2,Participant,Allen McPherson,17XJ1A0106
848,club_3,club_3_event_1,Participant,Allen McPherson,17XJ1A0106
849,club_1,club_1_event_2,Participant,Adrian Graff,18XJ1A0125
850,club_3,club_3_event_1,Participant,Samira Baer,17XJ1A0308
851,club_2,club_2_event_2,Participant,Samira Baer,17XJ1A0308
852,club_1,club_1_event_3,Participant,Samira Baer,17XJ1A0308
853,club_3,club_3_event_3,Participant,Amina Ware,17XJ1A0199
854,club_2,club_2_event_3,Participant,Amina Ware,17XJ1A0199
855,club_3,club_3_event_2,Participant,Amina Ware,17XJ1A0199
856,club_2,club_2_event_1,Participant,Blaine Mckenzie,17XJ1A0167
857,club_1,club_1_event_1,Participant,Blaine Mckenzie,17XJ1A0167
858,club_3,club_3_event_2,Participant,Blaine Mckenzie,17XJ1A0167
859,club_1,club_1_event_2,Participant,Blaine Mckenzie,17XJ1A0167
860,club_2,club_2_event_1,Participant,Chastity Lyle,17XJ1A0154
861,club_2,club_2_event_1,Participant,Lyndsay Schuler,18XJ1A0289
862,club_1,club_1_event_2,Participant,Lyndsay Schuler,18XJ1A0289
863,club_1,club_1_event_1,Participant,Lyndsay Schuler,18XJ1A0289
864,club_1,club_1_event_1,Participant,Jordi Tam,18XJ1A0335
865,club_1,club_1_event_2,Participant,Jordi Tam,18XJ1A0335
866,club_2,club_2_event_1,Participant,Jordi Tam,18XJ1A0335
867,club_3,club_3_event_1,Participant,Hamza Caswell,17XJ1A0300
868,club_3,club_3_event_2,Participant,Hamza Caswell,17XJ1A0300
869,club_1,club_1_event_1,Participant,Hamza Caswell,17XJ1A0300
870,club_2,club_2_event_2,Participant,Hamza Caswell,17XJ1A0300
871,club_3,club_3_event_2,Participant,Cody Garay,18XJ1A0348
872,club_3,club_3_event_1,Participant,Cody Garay,18XJ1A0348
873,club_3,club_3_event_3,Participant,Kenzie Meier,18XJ1A0228
874,club_2,club_2_event_3,Participant,Kenzie Meier,18XJ1A0228
875,club_3,club_3_event_2,Participant,Kenzie Meier,18XJ1A0228
876,club_1,club_1_event_1,Participant,Breanne Concepcion,17XJ1A0236
877,club_2,club_2_event_2,Participant,Brianna Embry,18XJ1A0116
878,club_3,club_3_event_1,Participant,Brianna Embry,18XJ1A0116
879,club_1,club_1_event_1,Participant,Brianna Embry,18XJ1A0116
880,club_2,club_2_event_1,Participant,Darrius Machado,18XJ1A0261
881,club_1,club_1_event_1,Participant,Darrius Machado,18XJ1A0261
882,club_2,club_2_event_3,Participant,Darrius Machado,18XJ1A0261
883,club_1,club_1_event_2,Participant,Darrius Machado,18XJ1A0261
884,club_3,club_3_event_2,Participant,Jalin Milligan,17XJ1A0153
885,club_3,club_3_event_1,Participant,Jalin Milligan,17XJ1A0153
886,club_2,club_2_event_1,Participant,Jalin Milligan,17XJ1A0153
887,club_1,club_1_event_2,Participant,Jalin Milligan,17XJ1A0153
888,club_2,club_2_event_3,organiser_3,Daisha Yoon,17XJ1A0157
889,club_2,club_2_event_2,organiser_3,Daisha Yoon,17XJ1A0157
890,club_2,club_2_event_1,Participant,Daisha Yoon,17XJ1A0157
891,club_2,club_2_event_1,organiser_3,Daisha Yoon,17XJ1A0157
892,club_1,club_1_event_2,Participant,Serenity Castillo,18XJ1A0144
893,club_2,club_2_event_2,Participant,Serenity Castillo,18XJ1A0144
894,club_3,club_3_event_1,Participant,Serenity Castillo,18XJ1A0144
895,club_2,club_2_event_1,Participant,Serenity Castillo,18XJ1A0144
896,club_3,club_3_event_1,Participant,Yasmine Dunning,18XJ1A0237
897,club_3,club_3_event_2,organiser_5,Yasmine Dunning,18XJ1A0237
898,club_2,club_2_event_2,Participant,Braden Thorne,18XJ1A0111
899,club_2,club_2_event_1,Participant,Robyn Guzman,18XJ1A0313
900,club_1,club_1_event_2,Participant,Robyn Guzman,18XJ1A0313
901,club_1,club_1_event_1,Participant,Robyn Guzman,18XJ1A0313
902,club_3,club_3_event_2,Participant,Robyn Guzman,18XJ1A0313
903,club_1,club_1_event_2,Participant,Orlando Clemens,18XJ1A0103
904,club_3,club_3_event_2,Participant,Orlando Clemens,18XJ1A0103
905,club_2,club_2_event_1,Participant,Henry Johansen,18XJ1A0311
906,club_1,club_1_event_2,Participant,Henry Johansen,18XJ1A0311
907,club_2,club_2_event_3,Participant,Henry Johansen,18XJ1A0311
908,club_3,club_3_event_2,Participant,Henry Johansen,18XJ1A0311
909,club_1,club_1_event_2,Participant,Kaycee Carlin,18XJ1A0194
910,club_1,club_1_event_1,Participant,Kaycee Carlin,18XJ1A0194
911,club_2,club_2_event_1,Participant,Kaycee Carlin,18XJ1A0194
912,club_3,club_3_event_1,Participant,Kaycee Carlin,18XJ1A0194
913,club_1,club_1_event_1,Participant,Lori Gill,17XJ1A0337
914,club_2,club_2_event_3,Participant,Lori Gill,17XJ1A0337
915,club_3,club_3_event_2,Participant,Lori Gill,17XJ1A0337
916,club_1,club_1_event_2,Participant,Lori Gill,17XJ1A0337
917,club_2,club_2_event_1,Participant,Lori Gill,17XJ1A0337
918,club_3,club_3_event_3,Participant,Sidney Zamora,18XJ1A0223
919,club_1,club_1_event_1,Participant,Nancy Lamb,17XJ1A0112
920,club_1,club_1_event_2,Participant,Nancy Lamb,17XJ1A0112
921,club_3,club_3_event_1,Participant,Nancy Lamb,17XJ1A0112
922,club_2,club_2_event_2,Participant,Herman Turley,18XJ1A0276
923,club_2,club_2_event_1,Participant,Herman Turley,18XJ1A0276
924,club_3,club_3_event_1,Participant,Herman Turley,18XJ1A0276
925,club_3,club_3_event_1,Participant,Kendrick Valadez,17XJ1A0216
926,club_2,club_2_event_2,Participant,Kendrick Valadez,17XJ1A0216
927,club_2,club_2_event_3,Participant,Genevieve Ratliff,18XJ1A0114
928,club_3,club_3_event_1,Participant,Keyana Grubbs,17XJ1A0146
929,club_2,club_2_event_2,Participant,Keyana Grubbs,17XJ1A0146
930,club_2,club_2_event_1,Participant,Leah Root,17XJ1A0133
931,club_2,club_2_event_2,Participant,Ashtyn Benjamin,17XJ1A0204
932,club_1,club_1_event_3,Participant,Ashtyn Benjamin,17XJ1A0204
933,club_3,club_3_event_2,Participant,Ashtyn Benjamin,17XJ1A0204
934,club_3,club_3_event_1,Participant,Ashtyn Benjamin,17XJ1A0204
935,club_2,club_2_event_3,Participant,Ashtyn Benjamin,17XJ1A0204
936,club_1,club_1_event_1,Participant,Devyn Ewing,17XJ1A0120
937,club_1,club_1_event_1,Participant,Rosalinda Harvey,18XJ1A0148
938,club_3,club_3_event_2,Participant,Rosalinda Harvey,18XJ1A0148
939,club_2,club_2_event_3,Participant,Yousef Luttrell,18XJ1A0288
940,club_1,club_1_event_2,Participant,Finn Mullins,18XJ1A0106
941,club_2,club_2_event_2,Participant,Finn Mullins,18XJ1A0106
942,club_1,club_1_event_3,Participant,Denisse Warden,18XJ1A0214
943,club_1,club_1_event_1,Participant,Garret Cockrell,18XJ1A0318
944,club_1,club_1_event_2,Participant,Garret Cockrell,18XJ1A0318
945,club_3,club_3_event_2,Participant,Garret Cockrell,18XJ1A0318
946,club_2,club_2_event_1,Participant,Garret Cockrell,18XJ1A0318
947,club_1,club_1_event_1,Participant,Annalise Dietz,17XJ1A0210
948,club_3,club_3_event_2,Participant,Annalise Dietz,17XJ1A0210
949,club_2,club_2_event_2,Participant,Clyde Bolin,17XJ1A0110
950,club_3,club_3_event_2,Participant,Clyde Bolin,17XJ1A0110
951,club_3,club_3_event_1,Participant,Alyse Bertrand,18XJ1A0178
952,club_1,club_1_event_3,Participant,Alyse Bertrand,18XJ1A0178
953,club_3,club_3_event_3,Participant,Alyse Bertrand,18XJ1A0178
954,club_1,club_1_event_1,Participant,Adeline Henry,17XJ1A0105
955,club_1,club_1_event_2,Participant,Koby Littlejohn,18XJ1A0323
956,club_3,club_3_event_2,Participant,Koby Littlejohn,18XJ1A0323
957,club_2,club_2_event_1,Participant,Charlotte Lorenzo,17XJ1A0122
958,club_1,club_1_event_1,Participant,Cody Medina,17XJ1A0295
959,club_3,club_3_event_3,Participant,Dakotah Boyer,17XJ1A0284
960,club_1,club_1_event_1,Participant,Dakotah Boyer,17XJ1A0284
961,club_2,club_2_event_1,Participant,Dakotah Boyer,17XJ1A0284
962,club_1,club_1_event_2,Participant,Dakotah Boyer,17XJ1A0284
963,club_3,club_3_event_2,Participant,Zachery Schrader,18XJ1A0135
964,club_3,club_3_event_2,Participant,Jenny Barksdale,17XJ1A0185
965,club_1,club_1_event_2,Participant,Jenny Barksdale,17XJ1A0185
966,club_1,club_1_event_1,Participant,Jenny Barksdale,17XJ1A0185
967,club_2,club_2_event_1,Participant,Jenny Barksdale,17XJ1A0185
968,club_1,club_1_event_1,Participant,Sean Guthrie,17XJ1A0278
969,club_2,club_2_event_2,Participant,Sean Guthrie,17XJ1A0278
970,club_3,club_3_event_1,Participant,Giovanna Fugate,17XJ1A0291
971,club_1,club_1_event_1,Participant,Giovanna Fugate,17XJ1A0291
972,club_1,club_1_event_2,Participant,Jaxson Schweitzer,17XJ1A0219
973,club_2,club_2_event_2,Participant,Alvin Venegas,18XJ1A0195
974,club_1,club_1_event_1,Participant,Alvin Venegas,18XJ1A0195
975,club_2,club_2_event_2,Participant,Natalia Huff,17XJ1A0349
976,club_3,club_3_event_1,Participant,Keyara Camacho,18XJ1A0105
977,club_3,club_3_event_3,Participant,Keyara Camacho,18XJ1A0105
978,club_3,club_3_event_2,Participant,Brady Grissom,18XJ1A0149
979,club_3,club_3_event_1,Participant,Jase Franz,17XJ1A0150
980,club_2,club_2_event_2,Participant,Jase Franz,17XJ1A0150
981,club_2,club_2_event_2,Participant,Abigayle Bolen,18XJ1A0264
982,club_3,club_3_event_1,Participant,Travion Conley,17XJ1A0114
983,club_2,club_2_event_1,Participant,Bradley Mazur,18XJ1A0198
984,club_1,club_1_event_1,Participant,Bradley Mazur,18XJ1A0198
985,club_1,club_1_event_2,Participant,Bradley Mazur,18XJ1A0198
986,club_1,club_1_event_1,Participant,Patricia Gross,17XJ1A0286
987,club_2,club_2_event_1,Participant,Carlee Pearce,18XJ1A0231
988,club_1,club_1_event_1,Participant,Kallie Everett,17XJ1A0261
989,club_2,club_2_event_2,Participant,Kallie Everett,17XJ1A0261
990,club_3,club_3_event_2,Participant,Monserrat Lomax,18XJ1A0128
991,club_1,club_1_event_1,Participant,Kelsie Segura,18XJ1A0270
992,club_3,club_3_event_2,Participant,Kelsie Segura,18XJ1A0270
993,club_3,club_3_event_2,Participant,Chanel Pickett,18XJ1A0136
994,club_2,club_2_event_2,Participant,Chanel Pickett,18XJ1A0136
995,club_3,club_3_event_1,organiser_4,Mckenzie Finn,17XJ1A0188
996,club_3,club_3_event_2,Participant,Chester Chavez,18XJ1A0129
997,club_1,club_1_event_2,Participant,Alycia Woodard,17XJ1A0107
998,club_2,club_2_event_1,Participant,Alycia Woodard,17XJ1A0107
999,club_2,club_2_event_2,Participant,Ben Alston,18XJ1A0267
1000,club_2,club_2_event_1,Participant,Dorothy Mayhew,18XJ1A0104
1001,club_2,club_2_event_1,Participant,Josef Finney,17XJ1A0274
1002,club_1,club_1_event_2,Participant,Codey Lyon,18XJ1A0196
