,Unnamed: 0,Club_Name,Event,Role,Name,ID,ID_int
0,0,club_3,club_3_event_2,Participant,Darien Martens,17XJ1A0220,17220
1,1,club_2,club_2_event_1,Participant,Sage Schrock,17XJ1A0165,17165
2,2,club_3,club_3_event_1,Participant,Sage Schrock,17XJ1A0165,17165
3,3,club_1,club_1_event_1,Participant,Sage Schrock,17XJ1A0165,17165
4,4,club_3,club_3_event_3,Participant,Sage Schrock,17XJ1A0165,17165
5,5,club_2,club_2_event_2,Participant,Sage Schrock,17XJ1A0165,17165
6,6,club_1,club_1_event_3,Participant,Sage Schrock,17XJ1A0165,17165
7,7,club_1,club_1_event_2,Participant,Sage Schrock,17XJ1A0165,17165
8,8,club_3,club_3_event_2,Participant,Alison Mcvey,17XJ1A0255,17255
9,9,club_2,club_2_event_1,Participant,Alison Mcvey,17XJ1A0255,17255
10,10,club_2,club_2_event_3,Participant,Alison Mcvey,17XJ1A0255,17255
11,11,club_1,club_1_event_2,Participant,Alison Mcvey,17XJ1A0255,17255
12,12,club_1,club_1_event_1,Participant,Kiara Jauregui,17XJ1A0243,17243
13,13,club_3,club_3_event_2,Participant,Kiara Jauregui,17XJ1A0243,17243
14,14,club_2,club_2_event_1,Participant,Kiara Jauregui,17XJ1A0243,17243
15,15,club_3,club_3_event_3,Participant,Kiara Jauregui,17XJ1A0243,17243
16,16,club_2,club_2_event_3,Participant,Kiara Jauregui,17XJ1A0243,17243
17,17,club_1,club_1_event_2,Participant,Kiara Jauregui,17XJ1A0243,17243
18,18,club_2,club_2_event_3,Participant,Tate Blum,18XJ1A0184,18184
19,19,club_2,club_2_event_2,Participant,Louis Samuels,17XJ1A0142,17142
20,20,club_1,club_1_event_3,Participant,Louis Samuels,17XJ1A0142,17142
21,21,club_1,club_1_event_2,Participant,Louis Samuels,17XJ1A0142,17142
22,22,club_2,club_2_event_1,Participant,Louis Samuels,17XJ1A0142,17142
23,23,club_3,club_3_event_3,Participant,Louis Samuels,17XJ1A0142,17142
24,24,club_3,club_3_event_1,Participant,Louis Samuels,17XJ1A0142,17142
25,25,club_2,club_2_event_3,Participant,Marcello Weber,18XJ1A0211,18211
26,26,club_2,club_2_event_1,Participant,Marcello Weber,18XJ1A0211,18211
27,27,club_1,club_1_event_2,Participant,Marcello Weber,18XJ1A0211,18211
28,28,club_3,club_3_event_2,Participant,Marcello Weber,18XJ1A0211,18211
29,29,club_3,club_3_event_1,Participant,Marcello Weber,18XJ1A0211,18211
30,30,club_2,club_2_event_2,Participant,Marcello Weber,18XJ1A0211,18211
31,31,club_2,club_2_event_2,Participant,Janine McCormack,17XJ1A0134,17134
32,32,club_2,club_2_event_1,Participant,Janine McCormack,17XJ1A0134,17134
33,33,club_1,club_1_event_1,Participant,Janine McCormack,17XJ1A0134,17134
34,34,club_3,club_3_event_1,Participant,Janine McCormack,17XJ1A0134,17134
35,35,club_3,club_3_event_2,Participant,Janine McCormack,17XJ1A0134,17134
36,36,club_3,club_3_event_2,Participant,Quinton Taylor,18XJ1A0197,18197
37,37,club_3,club_3_event_1,Participant,Quinton Taylor,18XJ1A0197,18197
38,38,club_2,club_2_event_2,Participant,Quinton Taylor,18XJ1A0197,18197
39,39,club_1,club_1_event_1,Participant,Quinton Taylor,18XJ1A0197,18197
40,40,club_3,club_3_event_1,Participant,Everardo Cronin,17XJ1A0217,17217
41,41,club_2,club_2_event_2,Participant,Everardo Cronin,17XJ1A0217,17217
42,42,club_3,club_3_event_2,Participant,Everardo Cronin,17XJ1A0217,17217
43,43,club_3,club_3_event_1,Participant,Warren Schofield,17XJ1A0293,17293
44,44,club_1,club_1_event_1,Participant,Warren Schofield,17XJ1A0293,17293
45,45,club_3,club_3_event_2,Participant,Warren Schofield,17XJ1A0293,17293
46,46,club_1,club_1_event_2,Participant,Ezra Lord,18XJ1A0268,18268
47,47,club_2,club_2_event_3,Participant,Ezra Lord,18XJ1A0268,18268
48,48,club_3,club_3_event_3,Participant,Ezra Lord,18XJ1A0268,18268
49,49,club_2,club_2_event_2,Participant,Aya Kennedy,18XJ1A0107,18107
50,50,club_3,club_3_event_2,Participant,Aya Kennedy,18XJ1A0107,18107
51,51,club_1,club_1_event_2,Participant,Alannah Chisholm,17XJ1A0275,17275
52,52,club_2,club_2_event_3,Participant,Alannah Chisholm,17XJ1A0275,17275
53,53,club_3,club_3_event_1,Participant,Alannah Chisholm,17XJ1A0275,17275
54,54,club_1,club_1_event_3,Participant,Alannah Chisholm,17XJ1A0275,17275
55,55,club_1,club_1_event_1,Participant,Alannah Chisholm,17XJ1A0275,17275
56,56,club_2,club_2_event_1,Participant,Alannah Chisholm,17XJ1A0275,17275
57,57,club_3,club_3_event_2,Participant,Alannah Chisholm,17XJ1A0275,17275
58,58,club_3,club_3_event_1,Participant,Katelynn Harlow,18XJ1A0145,18145
59,59,club_2,club_2_event_2,Participant,Katelynn Harlow,18XJ1A0145,18145
60,60,club_2,club_2_event_3,Participant,Katelynn Harlow,18XJ1A0145,18145
61,61,club_1,club_1_event_3,Participant,Katelynn Harlow,18XJ1A0145,18145
62,62,club_1,club_1_event_2,Participant,Katelynn Harlow,18XJ1A0145,18145
63,63,club_2,club_2_event_1,Participant,Katelynn Harlow,18XJ1A0145,18145
64,64,club_3,club_3_event_2,Participant,Katelynn Harlow,18XJ1A0145,18145
65,65,club_1,club_1_event_1,Participant,Katelynn Harlow,18XJ1A0145,18145
66,66,club_1,club_1_event_1,Participant,Grayson Heim,17XJ1A0193,17193
67,67,club_1,club_1_event_2,Participant,Grayson Heim,17XJ1A0193,17193
68,68,club_2,club_2_event_2,Participant,Grayson Heim,17XJ1A0193,17193
69,69,club_2,club_2_event_1,Participant,Grayson Heim,17XJ1A0193,17193
70,70,club_3,club_3_event_2,Participant,Kinley Stallings,18XJ1A0120,18120
71,71,club_1,club_1_event_3,organiser_4,Kinley Stallings,18XJ1A0120,18120
72,72,club_2,club_2_event_1,Participant,Kinley Stallings,18XJ1A0120,18120
73,73,club_2,club_2_event_1,Participant,Clyde Lindsay,17XJ1A0318,17318
74,74,club_2,club_2_event_2,Participant,Clyde Lindsay,17XJ1A0318,17318
75,75,club_1,club_1_event_2,Participant,Clyde Lindsay,17XJ1A0318,17318
76,76,club_3,club_3_event_1,Participant,Clyde Lindsay,17XJ1A0318,17318
77,77,club_2,club_2_event_2,Participant,Judith Howland,18XJ1A0258,18258
78,78,club_3,club_3_event_1,Participant,Judith Howland,18XJ1A0258,18258
79,79,club_1,club_1_event_3,Participant,Judith Howland,18XJ1A0258,18258
80,80,club_1,club_1_event_1,Participant,Judith Howland,18XJ1A0258,18258
81,81,club_3,club_3_event_2,Participant,Judith Howland,18XJ1A0258,18258
82,82,club_2,club_2_event_3,Participant,Judith Howland,18XJ1A0258,18258
83,83,club_2,club_2_event_1,Participant,Milo Greenfield,17XJ1A0215,17215
84,84,club_3,club_3_event_2,Participant,Milo Greenfield,17XJ1A0215,17215
85,85,club_3,club_3_event_1,Participant,Milo Greenfield,17XJ1A0215,17215
86,86,club_1,club_1_event_2,Participant,Milo Greenfield,17XJ1A0215,17215
87,87,club_3,club_3_event_2,Participant,Susana Healey,18XJ1A0126,18126
88,88,club_1,club_1_event_1,Participant,Susana Healey,18XJ1A0126,18126
89,89,club_1,club_1_event_1,Participant,Haylie Garay,18XJ1A0326,18326
90,90,club_3,club_3_event_1,Participant,Sana Fairbanks,18XJ1A0156,18156
91,91,club_2,club_2_event_2,Participant,Sana Fairbanks,18XJ1A0156,18156
92,92,club_3,club_3_event_2,Participant,Sana Fairbanks,18XJ1A0156,18156
93,93,club_1,club_1_event_1,Participant,Evelin Bradley,18XJ1A0188,18188
94,94,club_2,club_2_event_1,organiser_1,Evelin Bradley,18XJ1A0188,18188
95,95,club_2,club_2_event_2,Participant,Evelin Bradley,18XJ1A0188,18188
96,96,club_3,club_3_event_1,Participant,Evelin Bradley,18XJ1A0188,18188
97,97,club_2,club_2_event_3,organiser_1,Evelin Bradley,18XJ1A0188,18188
98,98,club_2,club_2_event_1,Participant,Evelin Bradley,18XJ1A0188,18188
99,99,club_1,club_1_event_2,Participant,Evelin Bradley,18XJ1A0188,18188
100,100,club_2,club_2_event_2,organiser_1,Evelin Bradley,18XJ1A0188,18188
101,101,club_3,club_3_event_2,Participant,Denise Minor,18XJ1A0340,18340
102,102,club_2,club_2_event_2,Participant,Denise Minor,18XJ1A0340,18340
103,103,club_3,club_3_event_1,Participant,Denise Minor,18XJ1A0340,18340
104,104,club_2,club_2_event_3,Participant,Santiago Nadeau,17XJ1A0257,17257
105,105,club_3,club_3_event_2,Participant,Santiago Nadeau,17XJ1A0257,17257
106,106,club_1,club_1_event_1,Participant,Santiago Nadeau,17XJ1A0257,17257
107,107,club_3,club_3_event_1,Participant,Santiago Nadeau,17XJ1A0257,17257
108,108,club_1,club_1_event_2,Participant,Santiago Nadeau,17XJ1A0257,17257
109,109,club_3,club_3_event_3,Participant,Santiago Nadeau,17XJ1A0257,17257
110,110,club_2,club_2_event_1,Participant,Santiago Nadeau,17XJ1A0257,17257
111,111,club_1,club_1_event_3,Participant,Santiago Nadeau,17XJ1A0257,17257
112,112,club_2,club_2_event_2,Participant,Santiago Nadeau,17XJ1A0257,17257
113,113,club_2,club_2_event_2,Participant,Grady Sample,17XJ1A0171,17171
114,114,club_1,club_1_event_2,Participant,Grady Sample,17XJ1A0171,17171
115,115,club_2,club_2_event_1,Participant,Grady Sample,17XJ1A0171,17171
116,116,club_3,club_3_event_3,Participant,Grady Sample,17XJ1A0171,17171
117,117,club_1,club_1_event_1,Participant,Grady Sample,17XJ1A0171,17171
118,118,club_1,club_1_event_3,Participant,Grady Sample,17XJ1A0171,17171
119,119,club_3,club_3_event_1,Participant,Grady Sample,17XJ1A0171,17171
120,120,club_1,club_1_event_1,Participant,Chelsey Dean,17XJ1A0205,17205
121,121,club_3,club_3_event_1,Participant,Chelsey Dean,17XJ1A0205,17205
122,122,club_2,club_2_event_2,Participant,Chelsey Dean,17XJ1A0205,17205
123,123,club_3,club_3_event_2,Participant,Chelsey Dean,17XJ1A0205,17205
124,124,club_2,club_2_event_3,Participant,Chelsey Dean,17XJ1A0205,17205
125,125,club_3,club_3_event_3,Participant,Chelsey Dean,17XJ1A0205,17205
126,126,club_1,club_1_event_3,Participant,Chelsey Dean,17XJ1A0205,17205
127,127,club_2,club_2_event_2,Participant,Darrius Albers,17XJ1A0179,17179
128,128,club_3,club_3_event_2,Participant,Darrius Albers,17XJ1A0179,17179
129,129,club_3,club_3_event_1,Participant,Darrius Albers,17XJ1A0179,17179
130,130,club_2,club_2_event_2,Participant,Annabelle Malloy,17XJ1A0125,17125
131,131,club_3,club_3_event_1,Participant,Annabelle Malloy,17XJ1A0125,17125
132,132,club_3,club_3_event_1,Participant,Natalya Garvin,18XJ1A0163,18163
133,133,club_2,club_2_event_1,Participant,Natalya Garvin,18XJ1A0163,18163
134,134,club_3,club_3_event_3,Participant,Natalya Garvin,18XJ1A0163,18163
135,135,club_1,club_1_event_3,Participant,Natalya Garvin,18XJ1A0163,18163
136,136,club_1,club_1_event_2,Participant,Natalya Garvin,18XJ1A0163,18163
137,137,club_2,club_2_event_3,Participant,Natalya Garvin,18XJ1A0163,18163
138,138,club_1,club_1_event_1,Participant,Natalya Garvin,18XJ1A0163,18163
139,139,club_3,club_3_event_2,Participant,Alize Dodd,18XJ1A0345,18345
140,140,club_3,club_3_event_1,Participant,Alize Dodd,18XJ1A0345,18345
141,141,club_2,club_2_event_1,Participant,Alize Dodd,18XJ1A0345,18345
142,142,club_1,club_1_event_2,Participant,Brennen Ellison,17XJ1A0209,17209
143,143,club_3,club_3_event_2,Participant,Brennen Ellison,17XJ1A0209,17209
144,144,club_1,club_1_event_1,Participant,Brennen Ellison,17XJ1A0209,17209
145,145,club_2,club_2_event_1,Participant,Brennen Ellison,17XJ1A0209,17209
146,146,club_2,club_2_event_2,Participant,Brennen Ellison,17XJ1A0209,17209
147,147,club_2,club_2_event_1,Participant,Brennen Ellison,17XJ1A0209,17209
148,148,club_3,club_3_event_1,Participant,Brennen Ellison,17XJ1A0209,17209
149,149,club_1,club_1_event_1,Participant,Deangelo Neuman,18XJ1A0284,18284
150,150,club_2,club_2_event_3,Participant,Deangelo Neuman,18XJ1A0284,18284
151,151,club_1,club_1_event_3,Participant,Deangelo Neuman,18XJ1A0284,18284
152,152,club_3,club_3_event_2,Participant,Deangelo Neuman,18XJ1A0284,18284
153,153,club_2,club_2_event_2,Participant,Deangelo Neuman,18XJ1A0284,18284
154,154,club_1,club_1_event_2,Participant,Deangelo Neuman,18XJ1A0284,18284
155,155,club_3,club_3_event_1,Participant,Deangelo Neuman,18XJ1A0284,18284
156,156,club_2,club_2_event_1,Participant,Deangelo Neuman,18XJ1A0284,18284
157,157,club_2,club_2_event_1,Participant,Lucia Cody,17XJ1A0202,17202
158,158,club_2,club_2_event_2,Participant,Lucia Cody,17XJ1A0202,17202
159,159,club_2,club_2_event_2,Participant,Lucia Cody,17XJ1A0202,17202
160,160,club_1,club_1_event_1,Participant,Marco Rand,18XJ1A0180,18180
161,161,club_2,club_2_event_3,Participant,Marco Rand,18XJ1A0180,18180
162,162,club_2,club_2_event_1,Participant,Marco Rand,18XJ1A0180,18180
163,163,club_3,club_3_event_3,Participant,Marco Rand,18XJ1A0180,18180
164,164,club_3,club_3_event_2,Participant,Marco Rand,18XJ1A0180,18180
165,165,club_1,club_1_event_2,Participant,Marco Rand,18XJ1A0180,18180
166,166,club_2,club_2_event_2,Participant,Lexis Whitley,17XJ1A0176,17176
167,167,club_2,club_2_event_1,Participant,Lexis Whitley,17XJ1A0176,17176
168,168,club_3,club_3_event_3,Participant,Lexis Whitley,17XJ1A0176,17176
169,169,club_1,club_1_event_3,Participant,Lexis Whitley,17XJ1A0176,17176
170,170,club_1,club_1_event_2,Participant,Lexis Whitley,17XJ1A0176,17176
171,171,club_1,club_1_event_1,Participant,Lexis Whitley,17XJ1A0176,17176
172,172,club_3,club_3_event_2,Participant,Kala Greenfield,18XJ1A0282,18282
173,173,club_2,club_2_event_1,Participant,Kala Greenfield,18XJ1A0282,18282
174,174,club_1,club_1_event_3,Participant,Raymundo Zapata,17XJ1A0322,17322
175,175,club_3,club_3_event_2,Participant,Raymundo Zapata,17XJ1A0322,17322
176,176,club_3,club_3_event_1,Participant,Raymundo Zapata,17XJ1A0322,17322
177,177,club_2,club_2_event_3,Participant,Raymundo Zapata,17XJ1A0322,17322
178,178,club_2,club_2_event_2,Participant,Raymundo Zapata,17XJ1A0322,17322
179,179,club_1,club_1_event_1,Participant,Galilea Villasenor,17XJ1A0109,17109
180,180,club_2,club_2_event_2,Participant,Galilea Villasenor,17XJ1A0109,17109
181,181,club_3,club_3_event_2,Participant,Galilea Villasenor,17XJ1A0109,17109
182,182,club_3,club_3_event_1,Participant,Galilea Villasenor,17XJ1A0109,17109
183,183,club_1,club_1_event_3,Participant,Gustavo Mull,17XJ1A0118,17118
184,184,club_3,club_3_event_2,Participant,Gustavo Mull,17XJ1A0118,17118
185,185,club_2,club_2_event_2,Participant,Gustavo Mull,17XJ1A0118,17118
186,186,club_2,club_2_event_1,Participant,Gustavo Mull,17XJ1A0118,17118
187,187,club_3,club_3_event_3,Participant,Gustavo Mull,17XJ1A0118,17118
188,188,club_1,club_1_event_1,Participant,Gustavo Mull,17XJ1A0118,17118
189,189,club_2,club_2_event_3,Participant,Gustavo Mull,17XJ1A0118,17118
190,190,club_3,club_3_event_1,Participant,Gustavo Mull,17XJ1A0118,17118
191,191,club_3,club_3_event_2,Participant,Aylin Seals,17XJ1A0149,17149
192,192,club_2,club_2_event_2,Participant,Aylin Seals,17XJ1A0149,17149
193,193,club_1,club_1_event_2,organiser_4,Aylin Seals,17XJ1A0149,17149
194,194,club_3,club_3_event_1,Participant,Aylin Seals,17XJ1A0149,17149
195,195,club_1,club_1_event_1,Participant,Aylin Seals,17XJ1A0149,17149
196,196,club_1,club_1_event_3,Participant,Jared Gulley,18XJ1A0279,18279
197,197,club_2,club_2_event_2,Participant,Jared Gulley,18XJ1A0279,18279
198,198,club_3,club_3_event_1,Participant,Jared Gulley,18XJ1A0279,18279
199,199,club_3,club_3_event_1,Participant,Rudy Bradley,17XJ1A0224,17224
200,200,club_2,club_2_event_3,Participant,Rudy Bradley,17XJ1A0224,17224
201,201,club_1,club_1_event_1,Participant,Rudy Bradley,17XJ1A0224,17224
202,202,club_3,club_3_event_2,Participant,Rudy Bradley,17XJ1A0224,17224
203,203,club_1,club_1_event_3,Participant,Rudy Bradley,17XJ1A0224,17224
204,204,club_2,club_2_event_2,Participant,Rudy Bradley,17XJ1A0224,17224
205,205,club_2,club_2_event_1,Participant,Cathryn Duarte,17XJ1A0340,17340
206,206,club_1,club_1_event_2,Participant,Cathryn Duarte,17XJ1A0340,17340
207,207,club_3,club_3_event_2,Participant,Cathryn Duarte,17XJ1A0340,17340
208,208,club_3,club_3_event_2,Participant,Litzy Moyer,18XJ1A0162,18162
209,209,club_1,club_1_event_1,Participant,Litzy Moyer,18XJ1A0162,18162
210,210,club_2,club_2_event_2,Participant,Litzy Moyer,18XJ1A0162,18162
211,211,club_3,club_3_event_3,Participant,Litzy Moyer,18XJ1A0162,18162
212,212,club_1,club_1_event_2,Participant,Litzy Moyer,18XJ1A0162,18162
213,213,club_2,club_2_event_3,Participant,Litzy Moyer,18XJ1A0162,18162
214,214,club_3,club_3_event_1,Participant,Litzy Moyer,18XJ1A0162,18162
215,215,club_3,club_3_event_2,Participant,Mallorie Saenz,17XJ1A0319,17319
216,216,club_3,club_3_event_1,Participant,Mallorie Saenz,17XJ1A0319,17319
217,217,club_2,club_2_event_2,Participant,Mallorie Saenz,17XJ1A0319,17319
218,218,club_2,club_2_event_1,Participant,Mallorie Saenz,17XJ1A0319,17319
219,219,club_1,club_1_event_2,Participant,Mallorie Saenz,17XJ1A0319,17319
220,220,club_2,club_2_event_3,Participant,Alexandrea Starnes,18XJ1A0167,18167
221,221,club_3,club_3_event_2,Participant,Alexandrea Starnes,18XJ1A0167,18167
222,222,club_3,club_3_event_3,Participant,Alexandrea Starnes,18XJ1A0167,18167
223,223,club_2,club_2_event_1,Participant,Alexandrea Starnes,18XJ1A0167,18167
224,224,club_1,club_1_event_3,Participant,Alexandrea Starnes,18XJ1A0167,18167
225,225,club_2,club_2_event_2,Participant,Alexandrea Starnes,18XJ1A0167,18167
226,226,club_1,club_1_event_2,Participant,Alexandrea Starnes,18XJ1A0167,18167
227,227,club_3,club_3_event_1,Participant,Alexandrea Starnes,18XJ1A0167,18167
228,228,club_2,club_2_event_1,Participant,Jordin Rodrigues,18XJ1A0133,18133
229,229,club_3,club_3_event_2,Participant,Jordin Rodrigues,18XJ1A0133,18133
230,230,club_3,club_3_event_1,Participant,Abigayle Sander,18XJ1A0143,18143
231,231,club_2,club_2_event_1,Participant,Dexter Dunne,18XJ1A0213,18213
232,232,club_1,club_1_event_1,Participant,Dexter Dunne,18XJ1A0213,18213
233,233,club_1,club_1_event_2,Participant,Dexter Dunne,18XJ1A0213,18213
234,234,club_1,club_1_event_2,Participant,Jocelyn Fitzsimmons,17XJ1A0140,17140
235,235,club_3,club_3_event_2,Participant,Jocelyn Fitzsimmons,17XJ1A0140,17140
236,236,club_2,club_2_event_1,Participant,Jocelyn Fitzsimmons,17XJ1A0140,17140
237,237,club_3,club_3_event_1,Participant,Jocelyn Fitzsimmons,17XJ1A0140,17140
238,238,club_1,club_1_event_3,Participant,Jocelyn Fitzsimmons,17XJ1A0140,17140
239,239,club_3,club_3_event_3,Participant,Jocelyn Fitzsimmons,17XJ1A0140,17140
240,240,club_2,club_2_event_2,Participant,Jocelyn Fitzsimmons,17XJ1A0140,17140
241,241,club_3,club_3_event_3,Participant,Karla Parris,17XJ1A0173,17173
242,242,club_1,club_1_event_1,Participant,Karla Parris,17XJ1A0173,17173
243,243,club_3,club_3_event_1,Participant,Karla Parris,17XJ1A0173,17173
244,244,club_1,club_1_event_3,Participant,Karla Parris,17XJ1A0173,17173
245,245,club_2,club_2_event_2,Participant,Karla Parris,17XJ1A0173,17173
246,246,club_3,club_3_event_3,Participant,Karla Parris,17XJ1A0173,17173
247,247,club_1,club_1_event_2,Participant,Shea Jenkins,17XJ1A0235,17235
248,248,club_3,club_3_event_3,Participant,Shea Jenkins,17XJ1A0235,17235
249,249,club_2,club_2_event_3,Participant,Shea Jenkins,17XJ1A0235,17235
250,250,club_2,club_2_event_2,Participant,Shea Jenkins,17XJ1A0235,17235
251,251,club_2,club_2_event_1,Participant,Shea Jenkins,17XJ1A0235,17235
252,252,club_3,club_3_event_2,Participant,Shea Jenkins,17XJ1A0235,17235
253,253,club_3,club_3_event_1,Participant,Amaiya Solano,17XJ1A0147,17147
254,254,club_3,club_3_event_2,Participant,Amaiya Solano,17XJ1A0147,17147
255,255,club_2,club_2_event_2,Participant,Amaiya Solano,17XJ1A0147,17147
256,256,club_2,club_2_event_1,Participant,Amaiya Solano,17XJ1A0147,17147
257,257,club_2,club_2_event_3,Participant,Amaiya Solano,17XJ1A0147,17147
258,258,club_1,club_1_event_3,Participant,Amaiya Solano,17XJ1A0147,17147
259,259,club_1,club_1_event_2,Participant,Amaiya Solano,17XJ1A0147,17147
260,260,club_1,club_1_event_1,Participant,Thea McCloud,18XJ1A0255,18255
261,261,club_2,club_2_event_1,Participant,Britton Gillespie,18XJ1A0266,18266
262,262,club_1,club_1_event_1,Participant,Britton Gillespie,18XJ1A0266,18266
263,263,club_1,club_1_event_2,Participant,Britton Gillespie,18XJ1A0266,18266
264,264,club_3,club_3_event_3,Participant,Britton Gillespie,18XJ1A0266,18266
265,265,club_2,club_2_event_1,Participant,Linda Brennan,17XJ1A0338,17338
266,266,club_1,club_1_event_2,Participant,Linda Brennan,17XJ1A0338,17338
267,267,club_1,club_1_event_1,Participant,Linda Brennan,17XJ1A0338,17338
268,268,club_1,club_1_event_3,Participant,Linda Brennan,17XJ1A0338,17338
269,269,club_3,club_3_event_1,Participant,Linda Brennan,17XJ1A0338,17338
270,270,club_1,club_1_event_2,Participant,Zachery Clancy,18XJ1A0101,18101
271,271,club_2,club_2_event_2,Participant,Zachery Clancy,18XJ1A0101,18101
272,272,club_2,club_2_event_1,Participant,Alina Ervin,18XJ1A0274,18274
273,273,club_3,club_3_event_3,Participant,Alina Ervin,18XJ1A0274,18274
274,274,club_1,club_1_event_2,Participant,Alina Ervin,18XJ1A0274,18274
275,275,club_1,club_1_event_2,Participant,Doris Prado,17XJ1A0249,17249
276,276,club_3,club_3_event_2,Participant,Doris Prado,17XJ1A0249,17249
277,277,club_2,club_2_event_2,Participant,Doris Prado,17XJ1A0249,17249
278,278,club_3,club_3_event_1,Participant,Doris Prado,17XJ1A0249,17249
279,279,club_2,club_2_event_1,Participant,Doris Prado,17XJ1A0249,17249
280,280,club_2,club_2_event_1,Participant,Johnson Schuler,18XJ1A0183,18183
281,281,club_3,club_3_event_2,Participant,Johnson Schuler,18XJ1A0183,18183
282,282,club_1,club_1_event_2,Participant,Johnson Schuler,18XJ1A0183,18183
283,283,club_1,club_1_event_2,Participant,Kayleigh Koenig,17XJ1A0113,17113
284,284,club_2,club_2_event_1,Participant,Kayleigh Koenig,17XJ1A0113,17113
285,285,club_2,club_2_event_2,Participant,Lorena Lamar,17XJ1A0312,17312
286,286,club_3,club_3_event_1,Participant,Lorena Lamar,17XJ1A0312,17312
287,287,club_3,club_3_event_2,Participant,Lorena Lamar,17XJ1A0312,17312
288,288,club_2,club_2_event_3,Participant,Kierstin Millard,18XJ1A0339,18339
289,289,club_1,club_1_event_3,Participant,Kierstin Millard,18XJ1A0339,18339
290,290,club_3,club_3_event_1,Participant,Kierstin Millard,18XJ1A0339,18339
291,291,club_3,club_3_event_2,Participant,Kierstin Millard,18XJ1A0339,18339
292,292,club_2,club_2_event_2,Participant,Kierstin Millard,18XJ1A0339,18339
293,293,club_3,club_3_event_3,Participant,Kierstin Millard,18XJ1A0339,18339
294,294,club_2,club_2_event_2,Participant,James Patrick,18XJ1A0307,18307
295,295,club_3,club_3_event_1,Participant,James Patrick,18XJ1A0307,18307
296,296,club_2,club_2_event_2,organiser_5,Reagan Houghton,18XJ1A0243,18243
297,297,club_1,club_1_event_2,Participant,Reagan Houghton,18XJ1A0243,18243
298,298,club_2,club_2_event_1,Participant,Reagan Houghton,18XJ1A0243,18243
299,299,club_2,club_2_event_2,Participant,Reagan Houghton,18XJ1A0243,18243
300,300,club_3,club_3_event_1,Participant,Reagan Houghton,18XJ1A0243,18243
301,301,club_3,club_3_event_1,Participant,Reagan Houghton,18XJ1A0243,18243
302,302,club_2,club_2_event_2,Participant,Stephon Burnett,17XJ1A0190,17190
303,303,club_1,club_1_event_1,Participant,Stephon Burnett,17XJ1A0190,17190
304,304,club_3,club_3_event_2,Participant,Stephon Burnett,17XJ1A0190,17190
305,305,club_1,club_1_event_2,Participant,Misty Lavoie,17XJ1A0258,17258
306,306,club_2,club_2_event_1,Participant,Misty Lavoie,17XJ1A0258,17258
307,307,club_1,club_1_event_1,Participant,Misty Lavoie,17XJ1A0258,17258
308,308,club_2,club_2_event_3,Participant,Joaquin Crist,17XJ1A0305,17305
309,309,club_1,club_1_event_2,Participant,Joaquin Crist,17XJ1A0305,17305
310,310,club_1,club_1_event_1,Participant,Joaquin Crist,17XJ1A0305,17305
311,311,club_2,club_2_event_2,Participant,Joaquin Crist,17XJ1A0305,17305
312,312,club_3,club_3_event_3,Participant,Joaquin Crist,17XJ1A0305,17305
313,313,club_3,club_3_event_1,Participant,Joaquin Crist,17XJ1A0305,17305
314,314,club_3,club_3_event_2,Participant,Joaquin Crist,17XJ1A0305,17305
315,315,club_2,club_2_event_1,Participant,Joaquin Crist,17XJ1A0305,17305
316,316,club_1,club_1_event_3,Participant,Joaquin Crist,17XJ1A0305,17305
317,317,club_2,club_2_event_2,Participant,Killian Ratliff,18XJ1A0222,18222
318,318,club_2,club_2_event_3,Participant,Killian Ratliff,18XJ1A0222,18222
319,319,club_3,club_3_event_2,Participant,Killian Ratliff,18XJ1A0222,18222
320,320,club_1,club_1_event_1,Participant,Killian Ratliff,18XJ1A0222,18222
321,321,club_3,club_3_event_3,Participant,Killian Ratliff,18XJ1A0222,18222
322,322,club_3,club_3_event_1,Participant,Killian Ratliff,18XJ1A0222,18222
323,323,club_1,club_1_event_2,Participant,Killian Ratliff,18XJ1A0222,18222
324,324,club_3,club_3_event_1,Participant,Roxanna McNair,18XJ1A0190,18190
325,325,club_3,club_3_event_1,Participant,Roxanna McNair,18XJ1A0190,18190
326,326,club_2,club_2_event_2,Participant,Roxanna McNair,18XJ1A0190,18190
327,327,club_1,club_1_event_1,Participant,Latrell Easley,17XJ1A0282,17282
328,328,club_3,club_3_event_1,Participant,Latrell Easley,17XJ1A0282,17282
329,329,club_1,club_1_event_2,Participant,Latrell Easley,17XJ1A0282,17282
330,330,club_2,club_2_event_2,Participant,Latrell Easley,17XJ1A0282,17282
331,331,club_2,club_2_event_1,Participant,Latrell Easley,17XJ1A0282,17282
332,332,club_1,club_1_event_1,Participant,Kenton Trejo,17XJ1A0208,17208
333,333,club_2,club_2_event_1,Participant,Kenton Trejo,17XJ1A0208,17208
334,334,club_2,club_2_event_2,Participant,Kenton Trejo,17XJ1A0208,17208
335,335,club_3,club_3_event_1,Participant,Kenton Trejo,17XJ1A0208,17208
336,336,club_1,club_1_event_2,Participant,Kenton Trejo,17XJ1A0208,17208
337,337,club_1,club_1_event_3,Participant,Kenton Trejo,17XJ1A0208,17208
338,338,club_1,club_1_event_1,Participant,Nora Snyder,18XJ1A0301,18301
339,339,club_3,club_3_event_1,Participant,Nora Snyder,18XJ1A0301,18301
340,340,club_2,club_2_event_2,Participant,Nora Snyder,18XJ1A0301,18301
341,341,club_1,club_1_event_1,Participant,Shanna Branch,17XJ1A0335,17335
342,342,club_2,club_2_event_2,Participant,Shanna Branch,17XJ1A0335,17335
343,343,club_2,club_2_event_1,Participant,Shanna Branch,17XJ1A0335,17335
344,344,club_3,club_3_event_1,Participant,Shanna Branch,17XJ1A0335,17335
345,345,club_2,club_2_event_2,Participant,Griselda Acuna,18XJ1A0280,18280
346,346,club_1,club_1_event_2,Participant,Griselda Acuna,18XJ1A0280,18280
347,347,club_2,club_2_event_1,Participant,Griselda Acuna,18XJ1A0280,18280
348,348,club_3,club_3_event_1,Participant,Griselda Acuna,18XJ1A0280,18280
349,349,club_3,club_3_event_2,Participant,Griselda Acuna,18XJ1A0280,18280
350,350,club_2,club_2_event_1,Participant,Delanie Gilbertson,17XJ1A0230,17230
351,351,club_1,club_1_event_2,Participant,Delanie Gilbertson,17XJ1A0230,17230
352,352,club_1,club_1_event_3,Participant,Luciano Sims,18XJ1A0292,18292
353,353,club_1,club_1_event_2,Participant,Luciano Sims,18XJ1A0292,18292
354,354,club_3,club_3_event_1,Participant,Luciano Sims,18XJ1A0292,18292
355,355,club_2,club_2_event_1,Participant,Luciano Sims,18XJ1A0292,18292
356,356,club_1,club_1_event_1,Participant,Yisroel Sisk,17XJ1A0348,17348
357,357,club_2,club_2_event_1,Participant,Yisroel Sisk,17XJ1A0348,17348
358,358,club_2,club_2_event_2,Participant,Yisroel Sisk,17XJ1A0348,17348
359,359,club_1,club_1_event_2,Participant,Yisroel Sisk,17XJ1A0348,17348
360,360,club_3,club_3_event_1,Participant,Yisroel Sisk,17XJ1A0348,17348
361,361,club_1,club_1_event_2,organiser_3,Dayna Steele,18XJ1A0233,18233
362,362,club_3,club_3_event_3,Participant,Dayna Steele,18XJ1A0233,18233
363,363,club_2,club_2_event_1,Participant,Dayna Steele,18XJ1A0233,18233
364,364,club_1,club_1_event_1,organiser_3,Dayna Steele,18XJ1A0233,18233
365,365,club_1,club_1_event_2,Participant,Dayna Steele,18XJ1A0233,18233
366,366,club_2,club_2_event_3,Participant,Dayna Steele,18XJ1A0233,18233
367,367,club_1,club_1_event_3,Participant,Dayna Steele,18XJ1A0233,18233
368,368,club_1,club_1_event_1,organiser_4,Dayna Steele,18XJ1A0233,18233
369,369,club_3,club_3_event_2,Participant,Dayna Steele,18XJ1A0233,18233
370,370,club_2,club_2_event_3,Participant,Tatum Henning,18XJ1A0171,18171
371,371,club_1,club_1_event_1,Participant,Tatum Henning,18XJ1A0171,18171
372,372,club_2,club_2_event_2,Participant,Tatum Henning,18XJ1A0171,18171
373,373,club_3,club_3_event_1,Participant,Tatum Henning,18XJ1A0171,18171
374,374,club_3,club_3_event_2,Participant,Serenity Ngo,18XJ1A0152,18152
375,375,club_1,club_1_event_2,Participant,Dario White,17XJ1A0292,17292
376,376,club_1,club_1_event_1,Participant,Dario White,17XJ1A0292,17292
377,377,club_2,club_2_event_1,Participant,Dario White,17XJ1A0292,17292
378,378,club_3,club_3_event_2,Participant,Ainsley Clinton,18XJ1A0187,18187
379,379,club_2,club_2_event_1,Participant,Ainsley Clinton,18XJ1A0187,18187
380,380,club_1,club_1_event_2,Participant,Ainsley Clinton,18XJ1A0187,18187
381,381,club_3,club_3_event_2,Participant,Heidi Whitmore,18XJ1A0173,18173
382,382,club_2,club_2_event_1,Participant,Heidi Whitmore,18XJ1A0173,18173
383,383,club_1,club_1_event_3,Participant,Heidi Whitmore,18XJ1A0173,18173
384,384,club_3,club_3_event_3,Participant,Heidi Whitmore,18XJ1A0173,18173
385,385,club_2,club_2_event_2,Participant,Heidi Whitmore,18XJ1A0173,18173
386,386,club_2,club_2_event_3,Participant,Heidi Whitmore,18XJ1A0173,18173
387,387,club_3,club_3_event_1,Participant,Heidi Whitmore,18XJ1A0173,18173
388,388,club_3,club_3_event_2,Participant,Ciera Almanza,18XJ1A0191,18191
389,389,club_2,club_2_event_2,Participant,Ciera Almanza,18XJ1A0191,18191
390,390,club_2,club_2_event_3,Participant,Ciera Almanza,18XJ1A0191,18191
391,391,club_1,club_1_event_1,Participant,Ciera Almanza,18XJ1A0191,18191
392,392,club_1,club_1_event_2,Participant,Ciera Almanza,18XJ1A0191,18191
393,393,club_3,club_3_event_3,Participant,Fernando Segovia,17XJ1A0265,17265
394,394,club_1,club_1_event_3,Participant,Fernando Segovia,17XJ1A0265,17265
395,395,club_3,club_3_event_1,Participant,Fernando Segovia,17XJ1A0265,17265
396,396,club_2,club_2_event_2,Participant,Fernando Segovia,17XJ1A0265,17265
397,397,club_2,club_2_event_1,Participant,Jazmyn Schmid,18XJ1A0312,18312
398,398,club_3,club_3_event_2,Participant,Jazmyn Schmid,18XJ1A0312,18312
399,399,club_1,club_1_event_2,Participant,Jazmyn Schmid,18XJ1A0312,18312
400,400,club_1,club_1_event_1,Participant,Tyshawn Espino,18XJ1A0185,18185
401,401,club_2,club_2_event_2,Participant,Tyshawn Espino,18XJ1A0185,18185
402,402,club_3,club_3_event_1,Participant,Tyshawn Espino,18XJ1A0185,18185
403,403,club_3,club_3_event_2,Participant,Tyshawn Espino,18XJ1A0185,18185
404,404,club_1,club_1_event_2,Participant,Alexander Jaimes,18XJ1A0218,18218
405,405,club_1,club_1_event_1,Participant,Mckenzie Hitchcock,17XJ1A0200,17200
406,406,club_3,club_3_event_1,Participant,Mckenzie Hitchcock,17XJ1A0200,17200
407,407,club_3,club_3_event_3,organiser_4,Mckenzie Hitchcock,17XJ1A0200,17200
408,408,club_3,club_3_event_3,Participant,Mckenzie Hitchcock,17XJ1A0200,17200
409,409,club_3,club_3_event_2,organiser_4,Mckenzie Hitchcock,17XJ1A0200,17200
410,410,club_1,club_1_event_1,Participant,Crystal Leavitt,17XJ1A0163,17163
411,411,club_2,club_2_event_1,Participant,Crystal Leavitt,17XJ1A0163,17163
412,412,club_1,club_1_event_2,Participant,Crystal Leavitt,17XJ1A0163,17163
413,413,club_1,club_1_event_3,Participant,Keri Carrier,17XJ1A0101,17101
414,414,club_1,club_1_event_2,Participant,Keri Carrier,17XJ1A0101,17101
415,415,club_2,club_2_event_2,Participant,Keri Carrier,17XJ1A0101,17101
416,416,club_2,club_2_event_1,Participant,Keri Carrier,17XJ1A0101,17101
417,417,club_3,club_3_event_3,Participant,Keri Carrier,17XJ1A0101,17101
418,418,club_3,club_3_event_1,Participant,Baby Heaton,17XJ1A0117,17117
419,419,club_1,club_1_event_3,Participant,Baby Heaton,17XJ1A0117,17117
420,420,club_3,club_3_event_3,Participant,Baby Heaton,17XJ1A0117,17117
421,421,club_1,club_1_event_2,Participant,Baby Heaton,17XJ1A0117,17117
422,422,club_2,club_2_event_2,Participant,Baby Heaton,17XJ1A0117,17117
423,423,club_2,club_2_event_2,Participant,Christion Cohen,17XJ1A0170,17170
424,424,club_3,club_3_event_3,Participant,Christion Cohen,17XJ1A0170,17170
425,425,club_3,club_3_event_1,Participant,Christion Cohen,17XJ1A0170,17170
426,426,club_2,club_2_event_1,Participant,Christion Cohen,17XJ1A0170,17170
427,427,club_1,club_1_event_1,Participant,Christion Cohen,17XJ1A0170,17170
428,428,club_1,club_1_event_3,Participant,Christion Cohen,17XJ1A0170,17170
429,429,club_1,club_1_event_2,Participant,Christion Cohen,17XJ1A0170,17170
430,430,club_1,club_1_event_2,Participant,Johnny Toney,18XJ1A0224,18224
431,431,club_1,club_1_event_2,Participant,Johnny Toney,18XJ1A0224,18224
432,432,club_2,club_2_event_1,Participant,Johnny Toney,18XJ1A0224,18224
433,433,club_3,club_3_event_2,Participant,Johnny Toney,18XJ1A0224,18224
434,434,club_3,club_3_event_1,Participant,Kasey Gabriel,18XJ1A0254,18254
435,435,club_3,club_3_event_2,Participant,Kasey Gabriel,18XJ1A0254,18254
436,436,club_2,club_2_event_1,Participant,Jadon Vandyke,17XJ1A0108,17108
437,437,club_1,club_1_event_2,Participant,Jadon Vandyke,17XJ1A0108,17108
438,438,club_3,club_3_event_1,Participant,Wilson Slocum,18XJ1A0177,18177
439,439,club_1,club_1_event_1,Participant,Wilson Slocum,18XJ1A0177,18177
440,440,club_3,club_3_event_3,Participant,Wilson Slocum,18XJ1A0177,18177
441,441,club_1,club_1_event_1,Participant,Wilson Slocum,18XJ1A0177,18177
442,442,club_2,club_2_event_2,Participant,Wilson Slocum,18XJ1A0177,18177
443,443,club_1,club_1_event_3,Participant,Wilson Slocum,18XJ1A0177,18177
444,444,club_1,club_1_event_2,Participant,Wilson Slocum,18XJ1A0177,18177
445,445,club_3,club_3_event_1,Participant,Judith Crook,18XJ1A0220,18220
446,446,club_1,club_1_event_3,Participant,Judith Crook,18XJ1A0220,18220
447,447,club_1,club_1_event_2,Participant,Judith Crook,18XJ1A0220,18220
448,448,club_1,club_1_event_1,Participant,Judith Crook,18XJ1A0220,18220
449,449,club_2,club_2_event_2,Participant,Judith Crook,18XJ1A0220,18220
450,450,club_3,club_3_event_3,Participant,Rylie Gomez,17XJ1A0323,17323
451,451,club_1,club_1_event_2,Participant,Rylie Gomez,17XJ1A0323,17323
452,452,club_3,club_3_event_1,Participant,Rylie Gomez,17XJ1A0323,17323
453,453,club_2,club_2_event_2,Participant,Rylie Gomez,17XJ1A0323,17323
454,454,club_2,club_2_event_1,Participant,Rylie Gomez,17XJ1A0323,17323
455,455,club_1,club_1_event_3,Participant,Rylie Gomez,17XJ1A0323,17323
456,456,club_1,club_1_event_1,Participant,Rowan Paquette,17XJ1A0196,17196
457,457,club_3,club_3_event_2,Participant,Rowan Paquette,17XJ1A0196,17196
458,458,club_3,club_3_event_3,Participant,Kalista Whiteside,17XJ1A0192,17192
459,459,club_3,club_3_event_1,Participant,Kalista Whiteside,17XJ1A0192,17192
460,460,club_2,club_2_event_2,Participant,Kalista Whiteside,17XJ1A0192,17192
461,461,club_1,club_1_event_3,Participant,Kalista Whiteside,17XJ1A0192,17192
462,462,club_2,club_2_event_1,Participant,Kalen Logan,17XJ1A0189,17189
463,463,club_1,club_1_event_1,Participant,Kalen Logan,17XJ1A0189,17189
464,464,club_1,club_1_event_2,Participant,Kalen Logan,17XJ1A0189,17189
465,465,club_3,club_3_event_2,Participant,Kalen Logan,17XJ1A0189,17189
466,466,club_3,club_3_event_1,organiser_3,Kalen Logan,17XJ1A0189,17189
467,467,club_3,club_3_event_3,organiser_3,Kalen Logan,17XJ1A0189,17189
468,468,club_3,club_3_event_2,organiser_3,Kalen Logan,17XJ1A0189,17189
469,469,club_1,club_1_event_2,Participant,Stevie Young,18XJ1A0155,18155
470,470,club_2,club_2_event_2,Participant,Stevie Young,18XJ1A0155,18155
471,471,club_1,club_1_event_3,Participant,Jedidiah Clarkson,17XJ1A0281,17281
472,472,club_3,club_3_event_3,Participant,Jedidiah Clarkson,17XJ1A0281,17281
473,473,club_3,club_3_event_1,Participant,Jedidiah Clarkson,17XJ1A0281,17281
474,474,club_2,club_2_event_2,Participant,Jedidiah Clarkson,17XJ1A0281,17281
475,475,club_1,club_1_event_2,Participant,Jedidiah Clarkson,17XJ1A0281,17281
476,476,club_2,club_2_event_1,Participant,Jedidiah Clarkson,17XJ1A0281,17281
477,477,club_3,club_3_event_2,Participant,Jedidiah Clarkson,17XJ1A0281,17281
478,478,club_2,club_2_event_1,Participant,Jayvon Kirk,17XJ1A0294,17294
479,479,club_3,club_3_event_1,Participant,Jayvon Kirk,17XJ1A0294,17294
480,480,club_1,club_1_event_1,Participant,Jayvon Kirk,17XJ1A0294,17294
481,481,club_1,club_1_event_2,Participant,Jayvon Kirk,17XJ1A0294,17294
482,482,club_3,club_3_event_2,Participant,Jayvon Kirk,17XJ1A0294,17294
483,483,club_1,club_1_event_3,Participant,Lewis Breedlove,17XJ1A0233,17233
484,484,club_3,club_3_event_3,Participant,Lewis Breedlove,17XJ1A0233,17233
485,485,club_3,club_3_event_1,Participant,Lewis Breedlove,17XJ1A0233,17233
486,486,club_2,club_2_event_3,Participant,Lewis Breedlove,17XJ1A0233,17233
487,487,club_3,club_3_event_2,Participant,Lewis Breedlove,17XJ1A0233,17233
488,488,club_3,club_3_event_1,Participant,Kierstin Romano,17XJ1A0271,17271
489,489,club_1,club_1_event_1,Participant,Kierstin Romano,17XJ1A0271,17271
490,490,club_3,club_3_event_2,Participant,Kierstin Romano,17XJ1A0271,17271
491,491,club_1,club_1_event_3,Participant,Kierstin Romano,17XJ1A0271,17271
492,492,club_2,club_2_event_2,Participant,Kierstin Romano,17XJ1A0271,17271
493,493,club_2,club_2_event_3,Participant,Kierstin Romano,17XJ1A0271,17271
494,494,club_1,club_1_event_1,Participant,Justyn Goetz,17XJ1A0259,17259
495,495,club_3,club_3_event_3,Participant,Justyn Goetz,17XJ1A0259,17259
496,496,club_1,club_1_event_3,organiser_5,Justyn Goetz,17XJ1A0259,17259
497,497,club_1,club_1_event_1,organiser_5,Justyn Goetz,17XJ1A0259,17259
498,498,club_1,club_1_event_2,organiser_5,Justyn Goetz,17XJ1A0259,17259
499,499,club_2,club_2_event_1,Participant,Justyn Goetz,17XJ1A0259,17259
500,500,club_2,club_2_event_3,organiser_4,Justyn Goetz,17XJ1A0259,17259
501,501,club_1,club_1_event_2,Participant,Justyn Goetz,17XJ1A0259,17259
502,502,club_2,club_2_event_3,Participant,Justyn Goetz,17XJ1A0259,17259
503,503,club_2,club_2_event_1,organiser_4,Justyn Goetz,17XJ1A0259,17259
504,504,club_2,club_2_event_2,organiser_4,Justyn Goetz,17XJ1A0259,17259
505,505,club_3,club_3_event_1,Participant,Joselyn Barrow,17XJ1A0347,17347
506,506,club_3,club_3_event_3,Participant,Joselyn Barrow,17XJ1A0347,17347
507,507,club_1,club_1_event_1,Participant,Joselyn Barrow,17XJ1A0347,17347
508,508,club_1,club_1_event_3,Participant,Joselyn Barrow,17XJ1A0347,17347
509,509,club_3,club_3_event_2,Participant,Eden Ring,17XJ1A0228,17228
510,510,club_2,club_2_event_1,Participant,Eden Ring,17XJ1A0228,17228
511,511,club_2,club_2_event_3,Participant,Eden Ring,17XJ1A0228,17228
512,512,club_1,club_1_event_2,Participant,Eden Ring,17XJ1A0228,17228
513,513,club_3,club_3_event_1,Participant,Theodore Schmidt,18XJ1A0131,18131
514,514,club_1,club_1_event_3,Participant,Theodore Schmidt,18XJ1A0131,18131
515,515,club_2,club_2_event_1,Participant,Theodore Schmidt,18XJ1A0131,18131
516,516,club_2,club_2_event_2,Participant,Theodore Schmidt,18XJ1A0131,18131
517,517,club_1,club_1_event_2,Participant,Theodore Schmidt,18XJ1A0131,18131
518,518,club_3,club_3_event_3,Participant,Theodore Schmidt,18XJ1A0131,18131
519,519,club_3,club_3_event_1,Participant,Mireya Godfrey,18XJ1A0287,18287
520,520,club_2,club_2_event_2,Participant,Mireya Godfrey,18XJ1A0287,18287
521,521,club_2,club_2_event_2,Participant,Kalee Casillas,17XJ1A0181,17181
522,522,club_1,club_1_event_2,Participant,Kalee Casillas,17XJ1A0181,17181
523,523,club_3,club_3_event_1,Participant,Kalee Casillas,17XJ1A0181,17181
524,524,club_2,club_2_event_2,Participant,Jarrett Murry,17XJ1A0246,17246
525,525,club_2,club_2_event_3,Participant,Jarrett Murry,17XJ1A0246,17246
526,526,club_1,club_1_event_3,Participant,Jarrett Murry,17XJ1A0246,17246
527,527,club_3,club_3_event_2,Participant,Jarrett Murry,17XJ1A0246,17246
528,528,club_2,club_2_event_2,Participant,Sydnee Mears,17XJ1A0314,17314
529,529,club_3,club_3_event_3,organiser_5,Sydnee Mears,17XJ1A0314,17314
530,530,club_3,club_3_event_1,organiser_5,Sydnee Mears,17XJ1A0314,17314
531,531,club_3,club_3_event_3,Participant,Sydnee Mears,17XJ1A0314,17314
532,532,club_1,club_1_event_1,Participant,Sydnee Mears,17XJ1A0314,17314
533,533,club_2,club_2_event_1,Participant,Andrew Keefe,17XJ1A0345,17345
534,534,club_1,club_1_event_2,Participant,Andrew Keefe,17XJ1A0345,17345
535,535,club_3,club_3_event_2,Participant,Kathrine Leone,18XJ1A0142,18142
536,536,club_3,club_3_event_3,Participant,Kathrine Leone,18XJ1A0142,18142
537,537,club_1,club_1_event_1,Participant,Kathrine Leone,18XJ1A0142,18142
538,538,club_3,club_3_event_2,organiser_1,Kathrine Leone,18XJ1A0142,18142
539,539,club_3,club_3_event_1,organiser_1,Kathrine Leone,18XJ1A0142,18142
540,540,club_3,club_3_event_3,organiser_1,Kathrine Leone,18XJ1A0142,18142
541,541,club_2,club_2_event_1,Participant,Amber Costa,18XJ1A0205,18205
542,542,club_1,club_1_event_1,Participant,Amber Costa,18XJ1A0205,18205
543,543,club_1,club_1_event_2,Participant,Amber Costa,18XJ1A0205,18205
544,544,club_2,club_2_event_2,Participant,Abril Covarrubias,18XJ1A0138,18138
545,545,club_3,club_3_event_3,Participant,Abril Covarrubias,18XJ1A0138,18138
546,546,club_2,club_2_event_3,Participant,Abril Covarrubias,18XJ1A0138,18138
547,547,club_1,club_1_event_1,Participant,Abril Covarrubias,18XJ1A0138,18138
548,548,club_2,club_2_event_1,Participant,Abril Covarrubias,18XJ1A0138,18138
549,549,club_2,club_2_event_2,Participant,Abril Covarrubias,18XJ1A0138,18138
550,550,club_1,club_1_event_2,Participant,Monet Wallace,17XJ1A0100,17100
551,551,club_2,club_2_event_1,Participant,Monet Wallace,17XJ1A0100,17100
552,552,club_1,club_1_event_1,Participant,Tasha Smalley,17XJ1A0180,17180
553,553,club_3,club_3_event_3,Participant,Tasha Smalley,17XJ1A0180,17180
554,554,club_3,club_3_event_2,Participant,Tasha Smalley,17XJ1A0180,17180
555,555,club_2,club_2_event_1,Participant,Tasha Smalley,17XJ1A0180,17180
556,556,club_2,club_2_event_3,Participant,Tasha Smalley,17XJ1A0180,17180
557,557,club_1,club_1_event_2,Participant,Tasha Smalley,17XJ1A0180,17180
558,558,club_3,club_3_event_2,Participant,Autum Kohn,18XJ1A0281,18281
559,559,club_1,club_1_event_3,Participant,Autum Kohn,18XJ1A0281,18281
560,560,club_2,club_2_event_2,Participant,Jacey Dillon,18XJ1A0146,18146
561,561,club_3,club_3_event_1,Participant,Jacey Dillon,18XJ1A0146,18146
562,562,club_3,club_3_event_1,Participant,Jacey Dillon,18XJ1A0146,18146
563,563,club_2,club_2_event_2,Participant,Jacey Dillon,18XJ1A0146,18146
564,564,club_1,club_1_event_1,Participant,Jacey Dillon,18XJ1A0146,18146
565,565,club_3,club_3_event_2,Participant,Jacey Dillon,18XJ1A0146,18146
566,566,club_3,club_3_event_2,Participant,Danielle Waldrop,17XJ1A0248,17248
567,567,club_2,club_2_event_1,Participant,Semaj Plummer,18XJ1A0212,18212
568,568,club_1,club_1_event_2,Participant,Semaj Plummer,18XJ1A0212,18212
569,569,club_1,club_1_event_2,organiser_2,Semaj Plummer,18XJ1A0212,18212
570,570,club_1,club_1_event_3,organiser_2,Semaj Plummer,18XJ1A0212,18212
571,571,club_1,club_1_event_1,organiser_2,Semaj Plummer,18XJ1A0212,18212
572,572,club_3,club_3_event_2,Participant,Semaj Plummer,18XJ1A0212,18212
573,573,club_1,club_1_event_1,Participant,Semaj Plummer,18XJ1A0212,18212
574,574,club_3,club_3_event_2,Participant,Ibrahim Sun,18XJ1A0147,18147
575,575,club_3,club_3_event_1,Participant,Ibrahim Sun,18XJ1A0147,18147
576,576,club_1,club_1_event_3,Participant,Ibrahim Sun,18XJ1A0147,18147
577,577,club_2,club_2_event_3,Participant,Ibrahim Sun,18XJ1A0147,18147
578,578,club_2,club_2_event_2,Participant,Ibrahim Sun,18XJ1A0147,18147
579,579,club_2,club_2_event_1,Participant,Ibrahim Sun,18XJ1A0147,18147
580,580,club_2,club_2_event_1,Participant,Christy Elliott,18XJ1A0141,18141
581,581,club_1,club_1_event_2,Participant,Christy Elliott,18XJ1A0141,18141
582,582,club_1,club_1_event_1,Participant,Christy Elliott,18XJ1A0141,18141
583,583,club_1,club_1_event_3,Participant,Christy Elliott,18XJ1A0141,18141
584,584,club_2,club_2_event_2,Participant,Christy Elliott,18XJ1A0141,18141
585,585,club_1,club_1_event_2,Participant,Elliot Held,17XJ1A0326,17326
586,586,club_2,club_2_event_1,Participant,Elliot Held,17XJ1A0326,17326
587,587,club_1,club_1_event_2,Participant,Matthias Cordero,18XJ1A0257,18257
588,588,club_2,club_2_event_1,Participant,Matthias Cordero,18XJ1A0257,18257
589,589,club_2,club_2_event_2,Participant,Matthias Cordero,18XJ1A0257,18257
590,590,club_1,club_1_event_1,Participant,Matthias Cordero,18XJ1A0257,18257
591,591,club_3,club_3_event_3,Participant,Brionna Grimes,18XJ1A0285,18285
592,592,club_3,club_3_event_1,organiser_2,Brionna Grimes,18XJ1A0285,18285
593,593,club_3,club_3_event_2,Participant,Brionna Grimes,18XJ1A0285,18285
594,594,club_1,club_1_event_2,Participant,Brionna Grimes,18XJ1A0285,18285
595,595,club_2,club_2_event_1,Participant,Brionna Grimes,18XJ1A0285,18285
596,596,club_1,club_1_event_1,Participant,Brionna Grimes,18XJ1A0285,18285
597,597,club_3,club_3_event_3,organiser_2,Brionna Grimes,18XJ1A0285,18285
598,598,club_3,club_3_event_2,organiser_2,Brionna Grimes,18XJ1A0285,18285
599,599,club_3,club_3_event_1,Participant,Jaylan Krieger,18XJ1A0161,18161
600,600,club_2,club_2_event_1,Participant,Jaylan Krieger,18XJ1A0161,18161
601,601,club_1,club_1_event_1,Participant,Jaylan Krieger,18XJ1A0161,18161
602,602,club_1,club_1_event_1,Participant,Jaylan Krieger,18XJ1A0161,18161
603,603,club_1,club_1_event_2,Participant,Jaylan Krieger,18XJ1A0161,18161
604,604,club_2,club_2_event_2,Participant,Jaylan Krieger,18XJ1A0161,18161
605,605,club_2,club_2_event_1,Participant,Jaylan Krieger,18XJ1A0161,18161
606,606,club_2,club_2_event_2,Participant,Frank Halstead,17XJ1A0332,17332
607,607,club_3,club_3_event_2,Participant,Frank Halstead,17XJ1A0332,17332
608,608,club_1,club_1_event_3,Participant,Frank Halstead,17XJ1A0332,17332
609,609,club_3,club_3_event_1,Participant,Frank Halstead,17XJ1A0332,17332
610,610,club_2,club_2_event_3,Participant,Frank Halstead,17XJ1A0332,17332
611,611,club_1,club_1_event_1,Participant,Frank Halstead,17XJ1A0332,17332
612,612,club_1,club_1_event_1,Participant,Gisselle Thornton,18XJ1A0346,18346
613,613,club_1,club_1_event_1,organiser_1,Annette Ahmed,18XJ1A0100,18100
614,614,club_1,club_1_event_2,organiser_1,Annette Ahmed,18XJ1A0100,18100
615,615,club_3,club_3_event_1,Participant,Annette Ahmed,18XJ1A0100,18100
616,616,club_1,club_1_event_3,Participant,Annette Ahmed,18XJ1A0100,18100
617,617,club_2,club_2_event_2,Participant,Annette Ahmed,18XJ1A0100,18100
618,618,club_3,club_3_event_2,Participant,Annette Ahmed,18XJ1A0100,18100
619,619,club_1,club_1_event_3,organiser_1,Annette Ahmed,18XJ1A0100,18100
620,620,club_3,club_3_event_2,Participant,Robyn Dickey,17XJ1A0211,17211
621,621,club_2,club_2_event_1,Participant,Robyn Dickey,17XJ1A0211,17211
622,622,club_1,club_1_event_2,Participant,Robyn Dickey,17XJ1A0211,17211
623,623,club_2,club_2_event_1,Participant,Tai Kline,17XJ1A0116,17116
624,624,club_3,club_3_event_2,Participant,Tai Kline,17XJ1A0116,17116
625,625,club_3,club_3_event_1,Participant,Alvin Hayden,17XJ1A0299,17299
626,626,club_3,club_3_event_2,Participant,Alvin Hayden,17XJ1A0299,17299
627,627,club_3,club_3_event_1,Participant,Ireland Bernier,17XJ1A0341,17341
628,628,club_1,club_1_event_1,Participant,Ireland Bernier,17XJ1A0341,17341
629,629,club_2,club_2_event_2,Participant,Ireland Bernier,17XJ1A0341,17341
630,630,club_2,club_2_event_1,organiser_5,Guillermo Hackney,17XJ1A0296,17296
631,631,club_3,club_3_event_1,Participant,Guillermo Hackney,17XJ1A0296,17296
632,632,club_2,club_2_event_2,Participant,Guillermo Hackney,17XJ1A0296,17296
633,633,club_3,club_3_event_2,Participant,Guillermo Hackney,17XJ1A0296,17296
634,634,club_1,club_1_event_2,Participant,Guillermo Hackney,17XJ1A0296,17296
635,635,club_2,club_2_event_3,organiser_5,Guillermo Hackney,17XJ1A0296,17296
636,636,club_2,club_2_event_1,Participant,Guillermo Hackney,17XJ1A0296,17296
637,637,club_3,club_3_event_1,Participant,Abagail Marx,18XJ1A0202,18202
638,638,club_1,club_1_event_2,Participant,Abagail Marx,18XJ1A0202,18202
639,639,club_2,club_2_event_2,Participant,Abagail Marx,18XJ1A0202,18202
640,640,club_2,club_2_event_1,Participant,Abagail Marx,18XJ1A0202,18202
641,641,club_1,club_1_event_2,Participant,Jessenia Perales,17XJ1A0302,17302
642,642,club_2,club_2_event_1,Participant,Jessenia Perales,17XJ1A0302,17302
643,643,club_1,club_1_event_1,Participant,Jessenia Perales,17XJ1A0302,17302
644,644,club_3,club_3_event_2,Participant,Jessenia Perales,17XJ1A0302,17302
645,645,club_1,club_1_event_2,Participant,Cornelius Macias,18XJ1A0327,18327
646,646,club_1,club_1_event_3,Participant,Cornelius Macias,18XJ1A0327,18327
647,647,club_2,club_2_event_2,Participant,Cornelius Macias,18XJ1A0327,18327
648,648,club_3,club_3_event_3,Participant,Cornelius Macias,18XJ1A0327,18327
649,649,club_3,club_3_event_1,Participant,Cornelius Macias,18XJ1A0327,18327
650,650,club_2,club_2_event_1,Participant,Cornelius Macias,18XJ1A0327,18327
651,651,club_1,club_1_event_1,Participant,Allissa Biddle,18XJ1A0260,18260
652,652,club_2,club_2_event_3,Participant,Allissa Biddle,18XJ1A0260,18260
653,653,club_3,club_3_event_2,Participant,Allissa Biddle,18XJ1A0260,18260
654,654,club_3,club_3_event_3,Participant,Allissa Biddle,18XJ1A0260,18260
655,655,club_1,club_1_event_2,Participant,Allissa Biddle,18XJ1A0260,18260
656,656,club_2,club_2_event_1,Participant,Kristian Jansen,17XJ1A0343,17343
657,657,club_3,club_3_event_2,Participant,Kristian Jansen,17XJ1A0343,17343
658,658,club_1,club_1_event_2,Participant,Kristian Jansen,17XJ1A0343,17343
659,659,club_2,club_2_event_2,Participant,Kobe Barrientos,18XJ1A0338,18338
660,660,club_2,club_2_event_3,Participant,Kobe Barrientos,18XJ1A0338,18338
661,661,club_3,club_3_event_2,Participant,Kobe Barrientos,18XJ1A0338,18338
662,662,club_3,club_3_event_1,Participant,Kobe Barrientos,18XJ1A0338,18338
663,663,club_3,club_3_event_3,Participant,Kobe Barrientos,18XJ1A0338,18338
664,664,club_2,club_2_event_2,Participant,Tucker Volk,17XJ1A0178,17178
665,665,club_1,club_1_event_2,Participant,Tucker Volk,17XJ1A0178,17178
666,666,club_2,club_2_event_1,Participant,Tucker Volk,17XJ1A0178,17178
667,667,club_3,club_3_event_1,Participant,Tucker Volk,17XJ1A0178,17178
668,668,club_3,club_3_event_2,Participant,Thea Noyes,17XJ1A0172,17172
669,669,club_3,club_3_event_1,Participant,Thea Noyes,17XJ1A0172,17172
670,670,club_2,club_2_event_2,Participant,Thea Noyes,17XJ1A0172,17172
671,671,club_1,club_1_event_2,Participant,Jude Golden,17XJ1A0226,17226
672,672,club_2,club_2_event_1,Participant,Jude Golden,17XJ1A0226,17226
673,673,club_1,club_1_event_2,Participant,Jaylan Conway,18XJ1A0122,18122
674,674,club_3,club_3_event_2,Participant,Jaylan Conway,18XJ1A0122,18122
675,675,club_2,club_2_event_1,Participant,Jaylan Conway,18XJ1A0122,18122
676,676,club_3,club_3_event_3,Participant,Phoenix Fontaine,17XJ1A0128,17128
677,677,club_2,club_2_event_2,Participant,Phoenix Fontaine,17XJ1A0128,17128
678,678,club_3,club_3_event_2,Participant,Margaret Krebs,17XJ1A0131,17131
679,679,club_2,club_2_event_1,Participant,Jaquelin Duran,18XJ1A0102,18102
680,680,club_1,club_1_event_2,Participant,Jaquelin Duran,18XJ1A0102,18102
681,681,club_3,club_3_event_2,Participant,Jaquelin Duran,18XJ1A0102,18102
682,682,club_3,club_3_event_2,Participant,Jaquelin Duran,18XJ1A0102,18102
683,683,club_3,club_3_event_1,Participant,Carlos Sullivan,17XJ1A0207,17207
684,684,club_2,club_2_event_2,Participant,Carlos Sullivan,17XJ1A0207,17207
685,685,club_1,club_1_event_1,Participant,Carlos Sullivan,17XJ1A0207,17207
686,686,club_3,club_3_event_1,Participant,Jonatan Moses,18XJ1A0306,18306
687,687,club_2,club_2_event_2,Participant,Jonatan Moses,18XJ1A0306,18306
688,688,club_3,club_3_event_2,Participant,Lukas McGee,18XJ1A0298,18298
689,689,club_3,club_3_event_3,Participant,Lukas McGee,18XJ1A0298,18298
690,690,club_1,club_1_event_3,Participant,Lukas McGee,18XJ1A0298,18298
691,691,club_3,club_3_event_1,Participant,Lukas McGee,18XJ1A0298,18298
692,692,club_2,club_2_event_2,Participant,Rashawn Balderas,17XJ1A0126,17126
693,693,club_3,club_3_event_1,Participant,Rashawn Balderas,17XJ1A0126,17126
694,694,club_2,club_2_event_2,Participant,Sanjana Cornwell,17XJ1A0187,17187
695,695,club_3,club_3_event_2,Participant,Sanjana Cornwell,17XJ1A0187,17187
696,696,club_3,club_3_event_1,Participant,Sanjana Cornwell,17XJ1A0187,17187
697,697,club_1,club_1_event_1,Participant,Sanjana Cornwell,17XJ1A0187,17187
698,698,club_3,club_3_event_1,Participant,Mariel Shearer,18XJ1A0201,18201
699,699,club_1,club_1_event_3,Participant,Mariel Shearer,18XJ1A0201,18201
700,700,club_3,club_3_event_3,Participant,Amber Rudolph,18XJ1A0189,18189
701,701,club_1,club_1_event_2,Participant,Amber Rudolph,18XJ1A0189,18189
702,702,club_2,club_2_event_1,Participant,Amber Rudolph,18XJ1A0189,18189
703,703,club_1,club_1_event_1,Participant,Amber Rudolph,18XJ1A0189,18189
704,704,club_2,club_2_event_1,Participant,Holland Foy,18XJ1A0186,18186
705,705,club_3,club_3_event_2,Participant,Holland Foy,18XJ1A0186,18186
706,706,club_2,club_2_event_1,Participant,Abdullah Reddy,17XJ1A0145,17145
707,707,club_1,club_1_event_2,Participant,Abdullah Reddy,17XJ1A0145,17145
708,708,club_3,club_3_event_2,Participant,Abdullah Reddy,17XJ1A0145,17145
709,709,club_1,club_1_event_2,Participant,Reanna Dover,18XJ1A0248,18248
710,710,club_1,club_1_event_1,Participant,Reanna Dover,18XJ1A0248,18248
711,711,club_1,club_1_event_2,Participant,Reanna Dover,18XJ1A0248,18248
712,712,club_2,club_2_event_3,Participant,Cristobal Fallon,18XJ1A0300,18300
713,713,club_3,club_3_event_2,Participant,Cristobal Fallon,18XJ1A0300,18300
714,714,club_3,club_3_event_3,Participant,Cristobal Fallon,18XJ1A0300,18300
715,715,club_2,club_2_event_1,organiser_2,Cristobal Fallon,18XJ1A0300,18300
716,716,club_2,club_2_event_3,organiser_2,Cristobal Fallon,18XJ1A0300,18300
717,717,club_2,club_2_event_2,organiser_2,Cristobal Fallon,18XJ1A0300,18300
718,718,club_1,club_1_event_2,Participant,Irvin Lira,18XJ1A0117,18117
719,719,club_2,club_2_event_1,Participant,Irvin Lira,18XJ1A0117,18117
720,720,club_1,club_1_event_1,Participant,Irvin Lira,18XJ1A0117,18117
721,721,club_3,club_3_event_2,Participant,Irvin Lira,18XJ1A0117,18117
722,722,club_1,club_1_event_1,Participant,Kaycee Coker,18XJ1A0273,18273
723,723,club_3,club_3_event_3,Participant,Kaycee Coker,18XJ1A0273,18273
724,724,club_1,club_1_event_3,Participant,Phoenix Thai,17XJ1A0138,17138
725,725,club_2,club_2_event_1,Participant,Phoenix Thai,17XJ1A0138,17138
726,726,club_3,club_3_event_1,Participant,Phoenix Thai,17XJ1A0138,17138
727,727,club_1,club_1_event_2,Participant,Phoenix Thai,17XJ1A0138,17138
728,728,club_3,club_3_event_3,Participant,Ray Mcneely,18XJ1A0314,18314
729,729,club_2,club_2_event_2,Participant,Ray Mcneely,18XJ1A0314,18314
730,730,club_3,club_3_event_1,Participant,Ray Mcneely,18XJ1A0314,18314
731,731,club_3,club_3_event_2,Participant,Ray Mcneely,18XJ1A0314,18314
732,732,club_1,club_1_event_1,Participant,Peyton Ashford,17XJ1A0329,17329
733,733,club_1,club_1_event_2,Participant,Julio Clawson,18XJ1A0154,18154
734,734,club_2,club_2_event_1,Participant,Julio Clawson,18XJ1A0154,18154
735,735,club_2,club_2_event_1,Participant,Julio Clawson,18XJ1A0154,18154
736,736,club_2,club_2_event_2,Participant,Julio Clawson,18XJ1A0154,18154
737,737,club_2,club_2_event_1,Participant,Coleman Peace,18XJ1A0286,18286
738,738,club_1,club_1_event_2,Participant,Coleman Peace,18XJ1A0286,18286
739,739,club_3,club_3_event_1,Participant,Ronan Baggett,17XJ1A0137,17137
740,740,club_1,club_1_event_1,Participant,Ronan Baggett,17XJ1A0137,17137
741,741,club_3,club_3_event_2,Participant,Ronan Baggett,17XJ1A0137,17137
742,742,club_2,club_2_event_2,Participant,Ronan Baggett,17XJ1A0137,17137
743,743,club_3,club_3_event_1,Participant,Adan Goetz,18XJ1A0181,18181
744,744,club_2,club_2_event_2,Participant,Adan Goetz,18XJ1A0181,18181
745,745,club_3,club_3_event_2,Participant,Adan Goetz,18XJ1A0181,18181
746,746,club_1,club_1_event_1,Participant,Adan Goetz,18XJ1A0181,18181
747,747,club_1,club_1_event_1,Participant,Abdullah Horst,17XJ1A0132,17132
748,748,club_3,club_3_event_2,Participant,Abdullah Horst,17XJ1A0132,17132
749,749,club_2,club_2_event_3,Participant,Maranda Dunaway,18XJ1A0235,18235
750,750,club_3,club_3_event_2,Participant,Maranda Dunaway,18XJ1A0235,18235
751,751,club_3,club_3_event_2,Participant,Raelyn Steward,18XJ1A0343,18343
752,752,club_2,club_2_event_3,Participant,Raelyn Steward,18XJ1A0343,18343
753,753,club_1,club_1_event_1,Participant,Raelyn Steward,18XJ1A0343,18343
754,754,club_2,club_2_event_2,Participant,Keyla Gorman,18XJ1A0277,18277
755,755,club_3,club_3_event_1,Participant,Keyla Gorman,18XJ1A0277,18277
756,756,club_1,club_1_event_1,Participant,Keyla Gorman,18XJ1A0277,18277
757,757,club_2,club_2_event_3,Participant,Javier Breaux,18XJ1A0221,18221
758,758,club_2,club_2_event_2,Participant,Javier Breaux,18XJ1A0221,18221
759,759,club_3,club_3_event_1,Participant,Javier Breaux,18XJ1A0221,18221
760,760,club_1,club_1_event_2,Participant,Javier Breaux,18XJ1A0221,18221
761,761,club_1,club_1_event_3,Participant,Javier Breaux,18XJ1A0221,18221
762,762,club_2,club_2_event_1,Participant,Javier Breaux,18XJ1A0221,18221
763,763,club_3,club_3_event_3,Participant,Javier Breaux,18XJ1A0221,18221
764,764,club_3,club_3_event_2,Participant,Javier Breaux,18XJ1A0221,18221
765,765,club_1,club_1_event_1,Participant,Javier Breaux,18XJ1A0221,18221
766,766,club_2,club_2_event_1,Participant,Daria Daily,18XJ1A0331,18331
767,767,club_1,club_1_event_1,Participant,Daria Daily,18XJ1A0331,18331
768,768,club_1,club_1_event_2,Participant,Daria Daily,18XJ1A0331,18331
769,769,club_3,club_3_event_1,Participant,Jacy Tipton,18XJ1A0291,18291
770,770,club_2,club_2_event_2,Participant,Jacy Tipton,18XJ1A0291,18291
771,771,club_1,club_1_event_2,Participant,Darrion Barrios,18XJ1A0166,18166
772,772,club_1,club_1_event_1,Participant,Darrion Barrios,18XJ1A0166,18166
773,773,club_1,club_1_event_1,Participant,Elena Altamirano,18XJ1A0227,18227
774,774,club_2,club_2_event_2,Participant,Charisma Wilbur,18XJ1A0269,18269
775,775,club_1,club_1_event_1,Participant,Charisma Wilbur,18XJ1A0269,18269
776,776,club_3,club_3_event_2,Participant,Charisma Wilbur,18XJ1A0269,18269
777,777,club_2,club_2_event_2,Participant,Janie Reddy,18XJ1A0219,18219
778,778,club_3,club_3_event_1,Participant,Janie Reddy,18XJ1A0219,18219
779,779,club_1,club_1_event_1,Participant,Raymundo Benavides,17XJ1A0225,17225
780,780,club_2,club_2_event_1,Participant,Raymundo Benavides,17XJ1A0225,17225
781,781,club_1,club_1_event_2,Participant,Raymundo Benavides,17XJ1A0225,17225
782,782,club_3,club_3_event_1,Participant,Raymundo Benavides,17XJ1A0225,17225
783,783,club_2,club_2_event_2,Participant,Raymundo Benavides,17XJ1A0225,17225
784,784,club_2,club_2_event_2,Participant,Gretchen Clawson,17XJ1A0195,17195
785,785,club_3,club_3_event_1,Participant,Gretchen Clawson,17XJ1A0195,17195
786,786,club_3,club_3_event_2,Participant,Gretchen Clawson,17XJ1A0195,17195
787,787,club_1,club_1_event_2,Participant,Cailyn Seward,18XJ1A0192,18192
788,788,club_2,club_2_event_1,Participant,Cailyn Seward,18XJ1A0192,18192
789,789,club_3,club_3_event_2,Participant,Cailyn Seward,18XJ1A0192,18192
790,790,club_1,club_1_event_3,Participant,Daysha Sapp,18XJ1A0113,18113
791,791,club_2,club_2_event_3,Participant,Daysha Sapp,18XJ1A0113,18113
792,792,club_1,club_1_event_1,Participant,Maxim Turk,18XJ1A0296,18296
793,793,club_3,club_3_event_2,Participant,Gabriel Hitchcock,18XJ1A0251,18251
794,794,club_1,club_1_event_2,Participant,Gabriel Hitchcock,18XJ1A0251,18251
795,795,club_3,club_3_event_2,Participant,Gabriel Hitchcock,18XJ1A0251,18251
796,796,club_2,club_2_event_1,Participant,Gabriel Hitchcock,18XJ1A0251,18251
797,797,club_2,club_2_event_2,Participant,River Feliciano,18XJ1A0324,18324
798,798,club_3,club_3_event_1,Participant,River Feliciano,18XJ1A0324,18324
799,799,club_3,club_3_event_1,Participant,Everett Flood,18XJ1A0150,18150
800,800,club_2,club_2_event_2,Participant,Everett Flood,18XJ1A0150,18150
801,801,club_1,club_1_event_1,Participant,Everett Flood,18XJ1A0150,18150
802,802,club_3,club_3_event_2,Participant,Everett Flood,18XJ1A0150,18150
803,803,club_3,club_3_event_3,Participant,Everett Flood,18XJ1A0150,18150
804,804,club_1,club_1_event_3,Participant,Everett Flood,18XJ1A0150,18150
805,805,club_3,club_3_event_1,Participant,Stephon Smoot,17XJ1A0115,17115
806,806,club_2,club_2_event_2,Participant,Stephon Smoot,17XJ1A0115,17115
807,807,club_3,club_3_event_1,Participant,Stephon Smoot,17XJ1A0115,17115
808,808,club_1,club_1_event_2,Participant,Stephon Smoot,17XJ1A0115,17115
809,809,club_2,club_2_event_1,Participant,Stephon Smoot,17XJ1A0115,17115
810,810,club_1,club_1_event_1,Participant,Stephon Smoot,17XJ1A0115,17115
811,811,club_1,club_1_event_3,Participant,Alexandria Galbraith,17XJ1A0218,17218
812,812,club_2,club_2_event_2,Participant,Alexandria Galbraith,17XJ1A0218,17218
813,813,club_3,club_3_event_1,Participant,Alexandria Galbraith,17XJ1A0218,17218
814,814,club_1,club_1_event_1,Participant,Alexandria Galbraith,17XJ1A0218,17218
815,815,club_1,club_1_event_2,Participant,Alexandria Galbraith,17XJ1A0218,17218
816,816,club_2,club_2_event_1,Participant,Alexandria Galbraith,17XJ1A0218,17218
817,817,club_2,club_2_event_3,Participant,Sydney Rowe,18XJ1A0265,18265
818,818,club_3,club_3_event_2,Participant,Sydney Rowe,18XJ1A0265,18265
819,819,club_1,club_1_event_1,Participant,Sydney Rowe,18XJ1A0265,18265
820,820,club_1,club_1_event_1,Participant,Johnathon Leger,18XJ1A0334,18334
821,821,club_3,club_3_event_2,Participant,Johnathon Leger,18XJ1A0334,18334
822,822,club_2,club_2_event_2,Participant,Johnathon Leger,18XJ1A0334,18334
823,823,club_3,club_3_event_3,Participant,Janell Hager,17XJ1A0313,17313
824,824,club_2,club_2_event_3,Participant,Janell Hager,17XJ1A0313,17313
825,825,club_1,club_1_event_1,Participant,Janell Hager,17XJ1A0313,17313
826,826,club_3,club_3_event_2,Participant,Janell Hager,17XJ1A0313,17313
827,827,club_1,club_1_event_2,Participant,Janell Hager,17XJ1A0313,17313
828,828,club_2,club_2_event_1,Participant,Janell Hager,17XJ1A0313,17313
829,829,club_3,club_3_event_1,Participant,Zoie McDermott,17XJ1A0227,17227
830,830,club_2,club_2_event_2,Participant,Zoie McDermott,17XJ1A0227,17227
831,831,club_1,club_1_event_1,Participant,Zoie McDermott,17XJ1A0227,17227
832,832,club_1,club_1_event_1,Participant,Eleni Aranda,17XJ1A0254,17254
833,833,club_2,club_2_event_3,Participant,Arjun Payne,18XJ1A0159,18159
834,834,club_1,club_1_event_2,Participant,Arjun Payne,18XJ1A0159,18159
835,835,club_3,club_3_event_2,Participant,Arjun Payne,18XJ1A0159,18159
836,836,club_1,club_1_event_1,Participant,Arjun Payne,18XJ1A0159,18159
837,837,club_2,club_2_event_1,Participant,Arjun Payne,18XJ1A0159,18159
838,838,club_1,club_1_event_1,Participant,Amalia Frost,18XJ1A0108,18108
839,839,club_2,club_2_event_2,Participant,Amalia Frost,18XJ1A0108,18108
840,840,club_2,club_2_event_1,Participant,Amalia Frost,18XJ1A0108,18108
841,841,club_3,club_3_event_1,Participant,Amalia Frost,18XJ1A0108,18108
842,842,club_1,club_1_event_1,Participant,Chastity Hulsey,18XJ1A0245,18245
843,843,club_3,club_3_event_2,Participant,Chastity Hulsey,18XJ1A0245,18245
844,844,club_1,club_1_event_1,Participant,Allen McPherson,17XJ1A0106,17106
845,845,club_2,club_2_event_1,Participant,Allen McPherson,17XJ1A0106,17106
846,846,club_2,club_2_event_2,Participant,Allen McPherson,17XJ1A0106,17106
847,847,club_1,club_1_event_2,Participant,Allen McPherson,17XJ1A0106,17106
848,848,club_3,club_3_event_1,Participant,Allen McPherson,17XJ1A0106,17106
849,849,club_1,club_1_event_2,Participant,Adrian Graff,18XJ1A0125,18125
850,850,club_3,club_3_event_1,Participant,Samira Baer,17XJ1A0308,17308
851,851,club_2,club_2_event_2,Participant,Samira Baer,17XJ1A0308,17308
852,852,club_1,club_1_event_3,Participant,Samira Baer,17XJ1A0308,17308
853,853,club_3,club_3_event_3,Participant,Amina Ware,17XJ1A0199,17199
854,854,club_2,club_2_event_3,Participant,Amina Ware,17XJ1A0199,17199
855,855,club_3,club_3_event_2,Participant,Amina Ware,17XJ1A0199,17199
856,856,club_2,club_2_event_1,Participant,Blaine Mckenzie,17XJ1A0167,17167
857,857,club_1,club_1_event_1,Participant,Blaine Mckenzie,17XJ1A0167,17167
858,858,club_3,club_3_event_2,Participant,Blaine Mckenzie,17XJ1A0167,17167
859,859,club_1,club_1_event_2,Participant,Blaine Mckenzie,17XJ1A0167,17167
860,860,club_2,club_2_event_1,Participant,Chastity Lyle,17XJ1A0154,17154
861,861,club_2,club_2_event_1,Participant,Lyndsay Schuler,18XJ1A0289,18289
862,862,club_1,club_1_event_2,Participant,Lyndsay Schuler,18XJ1A0289,18289
863,863,club_1,club_1_event_1,Participant,Lyndsay Schuler,18XJ1A0289,18289
864,864,club_1,club_1_event_1,Participant,Jordi Tam,18XJ1A0335,18335
865,865,club_1,club_1_event_2,Participant,Jordi Tam,18XJ1A0335,18335
866,866,club_2,club_2_event_1,Participant,Jordi Tam,18XJ1A0335,18335
867,867,club_3,club_3_event_1,Participant,Hamza Caswell,17XJ1A0300,17300
868,868,club_3,club_3_event_2,Participant,Hamza Caswell,17XJ1A0300,17300
869,869,club_1,club_1_event_1,Participant,Hamza Caswell,17XJ1A0300,17300
870,870,club_2,club_2_event_2,Participant,Hamza Caswell,17XJ1A0300,17300
871,871,club_3,club_3_event_2,Participant,Cody Garay,18XJ1A0348,18348
872,872,club_3,club_3_event_1,Participant,Cody Garay,18XJ1A0348,18348
873,873,club_3,club_3_event_3,Participant,Kenzie Meier,18XJ1A0228,18228
874,874,club_2,club_2_event_3,Participant,Kenzie Meier,18XJ1A0228,18228
875,875,club_3,club_3_event_2,Participant,Kenzie Meier,18XJ1A0228,18228
876,876,club_1,club_1_event_1,Participant,Breanne Concepcion,17XJ1A0236,17236
877,877,club_2,club_2_event_2,Participant,Brianna Embry,18XJ1A0116,18116
878,878,club_3,club_3_event_1,Participant,Brianna Embry,18XJ1A0116,18116
879,879,club_1,club_1_event_1,Participant,Brianna Embry,18XJ1A0116,18116
880,880,club_2,club_2_event_1,Participant,Darrius Machado,18XJ1A0261,18261
881,881,club_1,club_1_event_1,Participant,Darrius Machado,18XJ1A0261,18261
882,882,club_2,club_2_event_3,Participant,Darrius Machado,18XJ1A0261,18261
883,883,club_1,club_1_event_2,Participant,Darrius Machado,18XJ1A0261,18261
884,884,club_3,club_3_event_2,Participant,Jalin Milligan,17XJ1A0153,17153
885,885,club_3,club_3_event_1,Participant,Jalin Milligan,17XJ1A0153,17153
886,886,club_2,club_2_event_1,Participant,Jalin Milligan,17XJ1A0153,17153
887,887,club_1,club_1_event_2,Participant,Jalin Milligan,17XJ1A0153,17153
888,888,club_2,club_2_event_3,organiser_3,Daisha Yoon,17XJ1A0157,17157
889,889,club_2,club_2_event_2,organiser_3,Daisha Yoon,17XJ1A0157,17157
890,890,club_2,club_2_event_1,Participant,Daisha Yoon,17XJ1A0157,17157
891,891,club_2,club_2_event_1,organiser_3,Daisha Yoon,17XJ1A0157,17157
892,892,club_1,club_1_event_2,Participant,Serenity Castillo,18XJ1A0144,18144
893,893,club_2,club_2_event_2,Participant,Serenity Castillo,18XJ1A0144,18144
894,894,club_3,club_3_event_1,Participant,Serenity Castillo,18XJ1A0144,18144
895,895,club_2,club_2_event_1,Participant,Serenity Castillo,18XJ1A0144,18144
896,896,club_3,club_3_event_1,Participant,Yasmine Dunning,18XJ1A0237,18237
897,897,club_3,club_3_event_2,organiser_5,Yasmine Dunning,18XJ1A0237,18237
898,898,club_2,club_2_event_2,Participant,Braden Thorne,18XJ1A0111,18111
899,899,club_2,club_2_event_1,Participant,Robyn Guzman,18XJ1A0313,18313
900,900,club_1,club_1_event_2,Participant,Robyn Guzman,18XJ1A0313,18313
901,901,club_1,club_1_event_1,Participant,Robyn Guzman,18XJ1A0313,18313
902,902,club_3,club_3_event_2,Participant,Robyn Guzman,18XJ1A0313,18313
903,903,club_1,club_1_event_2,Participant,Orlando Clemens,18XJ1A0103,18103
904,904,club_3,club_3_event_2,Participant,Orlando Clemens,18XJ1A0103,18103
905,905,club_2,club_2_event_1,Participant,Henry Johansen,18XJ1A0311,18311
906,906,club_1,club_1_event_2,Participant,Henry Johansen,18XJ1A0311,18311
907,907,club_2,club_2_event_3,Participant,Henry Johansen,18XJ1A0311,18311
908,908,club_3,club_3_event_2,Participant,Henry Johansen,18XJ1A0311,18311
909,909,club_1,club_1_event_2,Participant,Kaycee Carlin,18XJ1A0194,18194
910,910,club_1,club_1_event_1,Participant,Kaycee Carlin,18XJ1A0194,18194
911,911,club_2,club_2_event_1,Participant,Kaycee Carlin,18XJ1A0194,18194
912,912,club_3,club_3_event_1,Participant,Kaycee Carlin,18XJ1A0194,18194
913,913,club_1,club_1_event_1,Participant,Lori Gill,17XJ1A0337,17337
914,914,club_2,club_2_event_3,Participant,Lori Gill,17XJ1A0337,17337
915,915,club_3,club_3_event_2,Participant,Lori Gill,17XJ1A0337,17337
916,916,club_1,club_1_event_2,Participant,Lori Gill,17XJ1A0337,17337
917,917,club_2,club_2_event_1,Participant,Lori Gill,17XJ1A0337,17337
918,918,club_3,club_3_event_3,Participant,Sidney Zamora,18XJ1A0223,18223
919,919,club_1,club_1_event_1,Participant,Nancy Lamb,17XJ1A0112,17112
920,920,club_1,club_1_event_2,Participant,Nancy Lamb,17XJ1A0112,17112
921,921,club_3,club_3_event_1,Participant,Nancy Lamb,17XJ1A0112,17112
922,922,club_2,club_2_event_2,Participant,Herman Turley,18XJ1A0276,18276
923,923,club_2,club_2_event_1,Participant,Herman Turley,18XJ1A0276,18276
924,924,club_3,club_3_event_1,Participant,Herman Turley,18XJ1A0276,18276
925,925,club_3,club_3_event_1,Participant,Kendrick Valadez,17XJ1A0216,17216
926,926,club_2,club_2_event_2,Participant,Kendrick Valadez,17XJ1A0216,17216
927,927,club_2,club_2_event_3,Participant,Genevieve Ratliff,18XJ1A0114,18114
928,928,club_3,club_3_event_1,Participant,Keyana Grubbs,17XJ1A0146,17146
929,929,club_2,club_2_event_2,Participant,Keyana Grubbs,17XJ1A0146,17146
930,930,club_2,club_2_event_1,Participant,Leah Root,17XJ1A0133,17133
931,931,club_2,club_2_event_2,Participant,Ashtyn Benjamin,17XJ1A0204,17204
932,932,club_1,club_1_event_3,Participant,Ashtyn Benjamin,17XJ1A0204,17204
933,933,club_3,club_3_event_2,Participant,Ashtyn Benjamin,17XJ1A0204,17204
934,934,club_3,club_3_event_1,Participant,Ashtyn Benjamin,17XJ1A0204,17204
935,935,club_2,club_2_event_3,Participant,Ashtyn Benjamin,17XJ1A0204,17204
936,936,club_1,club_1_event_1,Participant,Devyn Ewing,17XJ1A0120,17120
937,937,club_1,club_1_event_1,Participant,Rosalinda Harvey,18XJ1A0148,18148
938,938,club_3,club_3_event_2,Participant,Rosalinda Harvey,18XJ1A0148,18148
939,939,club_2,club_2_event_3,Participant,Yousef Luttrell,18XJ1A0288,18288
940,940,club_1,club_1_event_2,Participant,Finn Mullins,18XJ1A0106,18106
941,941,club_2,club_2_event_2,Participant,Finn Mullins,18XJ1A0106,18106
942,942,club_1,club_1_event_3,Participant,Denisse Warden,18XJ1A0214,18214
943,943,club_1,club_1_event_1,Participant,Garret Cockrell,18XJ1A0318,18318
944,944,club_1,club_1_event_2,Participant,Garret Cockrell,18XJ1A0318,18318
945,945,club_3,club_3_event_2,Participant,Garret Cockrell,18XJ1A0318,18318
946,946,club_2,club_2_event_1,Participant,Garret Cockrell,18XJ1A0318,18318
947,947,club_1,club_1_event_1,Participant,Annalise Dietz,17XJ1A0210,17210
948,948,club_3,club_3_event_2,Participant,Annalise Dietz,17XJ1A0210,17210
949,949,club_2,club_2_event_2,Participant,Clyde Bolin,17XJ1A0110,17110
950,950,club_3,club_3_event_2,Participant,Clyde Bolin,17XJ1A0110,17110
951,951,club_3,club_3_event_1,Participant,Alyse Bertrand,18XJ1A0178,18178
952,952,club_1,club_1_event_3,Participant,Alyse Bertrand,18XJ1A0178,18178
953,953,club_3,club_3_event_3,Participant,Alyse Bertrand,18XJ1A0178,18178
954,954,club_1,club_1_event_1,Participant,Adeline Henry,17XJ1A0105,17105
955,955,club_1,club_1_event_2,Participant,Koby Littlejohn,18XJ1A0323,18323
956,956,club_3,club_3_event_2,Participant,Koby Littlejohn,18XJ1A0323,18323
957,957,club_2,club_2_event_1,Participant,Charlotte Lorenzo,17XJ1A0122,17122
958,958,club_1,club_1_event_1,Participant,Cody Medina,17XJ1A0295,17295
959,959,club_3,club_3_event_3,Participant,Dakotah Boyer,17XJ1A0284,17284
960,960,club_1,club_1_event_1,Participant,Dakotah Boyer,17XJ1A0284,17284
961,961,club_2,club_2_event_1,Participant,Dakotah Boyer,17XJ1A0284,17284
962,962,club_1,club_1_event_2,Participant,Dakotah Boyer,17XJ1A0284,17284
963,963,club_3,club_3_event_2,Participant,Zachery Schrader,18XJ1A0135,18135
964,964,club_3,club_3_event_2,Participant,Jenny Barksdale,17XJ1A0185,17185
965,965,club_1,club_1_event_2,Participant,Jenny Barksdale,17XJ1A0185,17185
966,966,club_1,club_1_event_1,Participant,Jenny Barksdale,17XJ1A0185,17185
967,967,club_2,club_2_event_1,Participant,Jenny Barksdale,17XJ1A0185,17185
968,968,club_1,club_1_event_1,Participant,Sean Guthrie,17XJ1A0278,17278
969,969,club_2,club_2_event_2,Participant,Sean Guthrie,17XJ1A0278,17278
970,970,club_3,club_3_event_1,Participant,Giovanna Fugate,17XJ1A0291,17291
971,971,club_1,club_1_event_1,Participant,Giovanna Fugate,17XJ1A0291,17291
972,972,club_1,club_1_event_2,Participant,Jaxson Schweitzer,17XJ1A0219,17219
973,973,club_2,club_2_event_2,Participant,Alvin Venegas,18XJ1A0195,18195
974,974,club_1,club_1_event_1,Participant,Alvin Venegas,18XJ1A0195,18195
975,975,club_2,club_2_event_2,Participant,Natalia Huff,17XJ1A0349,17349
976,976,club_3,club_3_event_1,Participant,Keyara Camacho,18XJ1A0105,18105
977,977,club_3,club_3_event_3,Participant,Keyara Camacho,18XJ1A0105,18105
978,978,club_3,club_3_event_2,Participant,Brady Grissom,18XJ1A0149,18149
979,979,club_3,club_3_event_1,Participant,Jase Franz,17XJ1A0150,17150
980,980,club_2,club_2_event_2,Participant,Jase Franz,17XJ1A0150,17150
981,981,club_2,club_2_event_2,Participant,Abigayle Bolen,18XJ1A0264,18264
982,982,club_3,club_3_event_1,Participant,Travion Conley,17XJ1A0114,17114
983,983,club_2,club_2_event_1,Participant,Bradley Mazur,18XJ1A0198,18198
984,984,club_1,club_1_event_1,Participant,Bradley Mazur,18XJ1A0198,18198
985,985,club_1,club_1_event_2,Participant,Bradley Mazur,18XJ1A0198,18198
986,986,club_1,club_1_event_1,Participant,Patricia Gross,17XJ1A0286,17286
987,987,club_2,club_2_event_1,Participant,Carlee Pearce,18XJ1A0231,18231
988,988,club_1,club_1_event_1,Participant,Kallie Everett,17XJ1A0261,17261
989,989,club_2,club_2_event_2,Participant,Kallie Everett,17XJ1A0261,17261
990,990,club_3,club_3_event_2,Participant,Monserrat Lomax,18XJ1A0128,18128
991,991,club_1,club_1_event_1,Participant,Kelsie Segura,18XJ1A0270,18270
992,992,club_3,club_3_event_2,Participant,Kelsie Segura,18XJ1A0270,18270
993,993,club_3,club_3_event_2,Participant,Chanel Pickett,18XJ1A0136,18136
994,994,club_2,club_2_event_2,Participant,Chanel Pickett,18XJ1A0136,18136
995,995,club_3,club_3_event_1,organiser_4,Mckenzie Finn,17XJ1A0188,17188
996,996,club_3,club_3_event_2,Participant,Chester Chavez,18XJ1A0129,18129
997,997,club_1,club_1_event_2,Participant,Alycia Woodard,17XJ1A0107,17107
998,998,club_2,club_2_event_1,Participant,Alycia Woodard,17XJ1A0107,17107
999,999,club_2,club_2_event_2,Participant,Ben Alston,18XJ1A0267,18267
1000,1000,club_2,club_2_event_1,Participant,Dorothy Mayhew,18XJ1A0104,18104
1001,1001,club_2,club_2_event_1,Participant,Josef Finney,17XJ1A0274,17274
1002,1002,club_1,club_1_event_2,Participant,Codey Lyon,18XJ1A0196,18196
